{"neurons":15,"activationFunction":4,"weightsFlat":[],"biases":[0.9969767332077026,-1.1426453590393067,-0.2994871139526367,-0.11140918731689453,-1.2362704277038575,-0.716698169708252,-1.1485304832458497,0.9300837516784668,-1.1273541450500489,0.19665908813476563,0.9068831205368042,0.4192867875099182,0.9508827924728394,0.2514076232910156,-0.5501542091369629],"activeNeurons":[false,false,false,false,false,false,false,false,false,false,false,false,false,false,false]}