{"neurons":32,"activationFunction":1,"weightsFlat":[0.6942135691642761,0.6561976671218872,0.6785637140274048,-0.29820525646209719,-0.14713752269744874,1.5032453536987305,1.7106983661651612,-0.3964064419269562,0.6932682394981384,0.24218997359275819,-1.0460071563720704,0.9053553938865662,1.1284836530685425,0.6535052061080933,0.7202863693237305,0.5176365375518799,0.18247413635253907,-0.3296467661857605,-1.2519241571426392,-0.5897745490074158,-0.8326460123062134,0.5674278736114502,0.9847533106803894,-1.680892825126648,1.2861328125,0.5349778532981873,-1.3485097885131837,-1.5818369388580323,-1.155630111694336,-0.857550859451294,-0.3651287257671356,-0.7377411723136902,-0.2577960789203644,-0.3819264769554138,0.5277199745178223,1.2640247344970704,-0.5380284786224365,-0.8182663321495056,0.12848716974258424,-1.0934834480285645,-1.3065718412399293,-0.22625643014907838,-0.42175227403640749,-0.6627928018569946,0.353324294090271,0.8923401832580566,0.6758304834365845,-1.2694416046142579,-1.4264212846755982,0.30285266041755679,-1.1906332969665528,-1.2210544347763062,-1.0833860635757447,0.15484952926635743,-0.31395336985588076,-1.8907867670059205,0.9061390161514282,-1.0729637145996094,-0.6511168479919434,1.5249944925308228,-1.453992486000061,0.579035758972168,1.2845162153244019,0.8746322393417358,1.4040963649749756,-0.04680344834923744,-0.6608622670173645,0.8186044096946716,-1.176916480064392,0.1624019294977188,1.4502884149551392,1.2914150953292847,0.09341512620449066,0.3578130006790161,0.4642017185688019,-0.3096570670604706,1.264136791229248,0.4409489929676056,0.9897239804267883,0.1960606873035431,-0.5221444964408875,0.45038893818855288,-0.2234863042831421,0.7492866516113281,1.0977106094360352,0.7434691190719605,0.3605528175830841,-0.7950249314308167,-0.6116169691085815,-0.6383451223373413,-1.1095083951950074,1.28851318359375,-0.9967934489250183,0.38404321670532229,-0.15745262801647187,0.7470146417617798,-1.0738474130630494,0.4753362238407135,-0.8064061403274536,0.6685497164726257,0.8646466135978699,1.2484302520751954,-0.34091323614120486,0.11936457455158234,1.3209869861602784,0.2189159393310547,1.3546624183654786,0.9918881058692932,-0.2125852257013321,-0.7496085166931152,0.6120123863220215,0.34433066844940188,0.8011394739151001,-0.02917569875717163,0.3002920150756836,0.7182226181030273,0.24804028868675233,-1.215667963027954,-0.765888512134552,1.2170847654342652,-0.6783257722854614,0.6177401542663574,0.08705690503120423,0.21768012642860413,0.09779644757509232,-1.0960804224014283,-1.2852110862731934,-1.2305893898010255,-1.3248357772827149,-0.3015166223049164,0.6495999097824097,-0.252887487411499,-0.0211753249168396,-0.9610354900360107,-0.11989838629961014,1.2458298206329346,-1.0492316484451295,0.2901395559310913,-0.050249725580215457,-0.6700452566146851,-1.9142264127731324,-0.8653934597969055,0.5206644535064697,-0.4330277442932129,0.98675537109375,-0.7035509943962097,-1.1418514251708985,-0.6752750873565674,-1.1350493431091309,-0.6113718748092651,0.2563443183898926,1.3892728090286255,-0.1990320235490799,-0.09523041546344757,0.1593235731124878,0.4825790226459503,0.07418926805257797,0.4541513919830322,-0.40895920991897585,0.2067563533782959,-0.9780061841011047,0.794550895690918,0.889592170715332,0.28821349143981936,-0.4528772234916687,0.3658214509487152,-1.385837197303772,0.5499910116195679,0.37659525871276858,0.6547266244888306,-0.7636964321136475,-1.1098759174346924,-0.6919628381729126,-0.7382709980010986,-1.0152617692947388,0.7862621545791626,1.2576730251312256,0.29134896397590639,-0.3809264600276947,0.8602150678634644,0.04697108268737793,1.1666181087493897,-0.5264648199081421,0.9299124479293823,-0.26327696442604067,0.05709557980298996,0.5410093069076538,-0.6825595498085022,-0.36916935443878176,-0.9104867577552795,0.32886239886283877,-0.2998955547809601,-1.0958746671676636,-1.9305708408355713,-0.9829413294792175,-0.05094948410987854,-0.7668690085411072,0.11852951347827912,-0.8634044528007507,0.39170950651168826,-0.3338029384613037,-1.2449396848678589,0.5745768547058106,0.5839577913284302,-0.7911909818649292,0.02049168199300766,0.91562819480896,0.7493186593055725,0.564297080039978,0.7213104367256165,0.881478488445282,-0.33192184567451479,-0.35534214973449709,0.3414531350135803,0.4818826913833618,-0.05497618019580841,-0.7618710994720459,-0.9075424671173096,-0.808693528175354,-0.32127606868743899,0.7846410870552063,0.1042213886976242,-0.45251062512397768,-1.6912232637405396,0.06119023263454437,-0.9041773676872253,-0.18930640816688538,0.7842428684234619,0.0006254762411117554,-1.5432963371276856,0.3862494230270386,0.11932249367237091,-0.9460991024971008,0.048446983098983768,-0.06356430053710938,0.22350087761878968,-0.774481475353241,1.3333312273025513,0.2436816692352295,1.1390466690063477,0.16433869302272798,-1.2526806592941285,-0.5345633625984192,0.5056312084197998,0.4468380808830261,-0.005628407001495361,2.2284250259399416,0.3737375736236572,-1.1902917623519898,0.8871037364006043,0.8414885401725769,-0.9314552545547485,0.21360312402248383,0.26966819167137148,1.2752995491027833,0.011201225221157074,0.772315263748169,1.4302185773849488,-0.5278723239898682,-0.6791653633117676,0.08123432099819184,-0.04601575434207916,0.6996499300003052,-0.49103984236717226,-0.3139556646347046,1.3230876922607422,0.20636345446109773,0.8141778707504273,-0.707798957824707,0.1329231560230255,0.5643099546432495,-1.0609452724456788,-0.2877578139305115,-0.5587563514709473,-0.8491551876068115,-0.17361336946487428,-1.054924488067627,0.9923921227455139,-0.3286316394805908,0.37064027786254885,-0.7578301429748535,-0.9570842385292053,0.6200710535049439,0.1651557981967926,-0.6845943331718445,-0.8822014331817627,0.8563380241394043,0.4030309021472931,0.630813717842102,0.23493830859661103,0.36588194966316225,-0.9172259569168091,0.22703678905963899,0.2390308380126953,0.31669116020202639,0.7364295721054077,-0.585015594959259,-0.4732719659805298,-0.5950371623039246,1.4833824634552003,-0.4700357913970947,-0.8526738286018372,1.3784898519515992,-1.752670407295227,-0.4811141788959503,-0.5277987718582153,-0.4840625822544098,-1.347038984298706,-1.0034515857696534,-0.12679219245910645,-0.5624045729637146,-0.7842304110527039,-0.5601028203964233,-0.7099111080169678,-0.04599049687385559,0.46225613355636599,-0.8319697976112366,0.4947664737701416,-0.7984097003936768,-1.4813905954360963,-0.19744659960269929,-0.3277500569820404,-0.18874192237854005,0.7080436944961548,1.2273080348968506,1.288169503211975,-0.039529234170913699,-0.5346740484237671,-0.5004600286483765,0.15698251128196717,-1.518288254737854,-0.22619876265525819,-0.7334134578704834,0.024685367941856386,-0.22718995809555055,-0.18473541736602784,0.9413535594940186,1.5760931968688965,-0.6774434447288513,1.4557316303253174,1.1552380323410035,0.5647437572479248,-1.2020680904388428,0.4890260100364685,-1.6868059635162354,-0.1367536187171936,0.8516392111778259,0.5481206178665161,-0.11962005496025086,0.193832665681839,-0.018367279320955278,-0.44172000885009768,-0.9352582693099976,-0.6707729697227478,0.19342759251594544,-0.9055500030517578,0.01410239189863205,-1.2249699831008912,0.07296410948038101,-0.16969719529151917,-0.6876422762870789,-0.7557739019393921,-0.38861310482025149,-0.6904694437980652,-0.04023373872041702,-0.7352733016014099,-1.4148955345153809,-1.1649717092514039,-1.5140265226364136,0.19378836452960969,0.8025906682014465,0.6484687924385071,-1.2658432722091675,0.6104391813278198,1.484807014465332,-0.500453531742096,-1.3423197269439698,0.25657612085342409,-0.5535088181495667,-1.0083017349243165,0.62296462059021,-0.47071412205696108,0.2255113571882248,0.1633628010749817,1.5516459941864014,-1.5604795217514039,-0.8683887720108032,0.0018493980169296265,-1.6473052501678467,-0.5659419894218445,0.6253058314323425,1.771042823791504,1.089579463005066,-0.9329030513763428,-0.9494381546974182,0.09969581663608551,-1.5913012027740479,0.12757249176502229,0.6272335052490234,-0.34520962834358218,1.2360949516296387,-1.0256471633911133,-0.18095731735229493,0.5282465815544128,