{"neurons":16,"activationFunction":0,"weightsFlat":[1.0500526428222657,-1.1634728908538819,0.13516965508460999,0.8064804077148438,-0.45299750566482546,-0.6125345230102539,-0.47427400946617129,0.8338098526000977,1.4689439535140992,0.3066338300704956,0.35580411553382876,0.3255839943885803,0.8497636318206787,0.5481697916984558,1.5532667636871338,-0.7004414200782776,-1.172041654586792,0.027995094656944276,-0.8445016145706177,0.053283680230379108,0.7553539872169495,0.6556450128555298,0.3874530494213104,0.4735420346260071,1.4520494937896729,0.30237188935279848,-0.34264081716537478,0.08477988839149475,-0.7091407775878906,-0.4863520860671997,-0.20517520606517793,0.09871630370616913,1.3931549787521363,-0.8751747608184815,-0.04912872612476349,-1.3565216064453126,1.0058034658432007,-0.3369067311286926,1.0495431423187256,-1.3681870698928834,-1.2407671213150025,-0.6662305593490601,-0.039890363812446597,0.7875105142593384,0.9132817983627319,-0.6078654527664185,1.404901146888733,-1.5956151485443116,-1.0839154720306397,-1.092456579208374,-1.149908423423767,0.8385958671569824,-0.7317782640457153,-0.9351673126220703,-0.6030697822570801,0.5371248126029968,-1.241623878479004,-1.27223539352417,-0.9903720617294312,0.8483448028564453,0.0257730633020401,1.2785671949386597,-0.31022951006889346,-1.1693058013916016,0.2597060799598694,0.9508230686187744,-0.7931855320930481,-0.02995242178440094,0.3081663250923157,0.213430255651474,1.0286753177642823,0.4198804795742035,0.507463812828064,-0.6243924498558044,-1.270218849182129,0.20748880505561829,-1.0844570398330689,-0.406119167804718,0.8184157609939575,-0.5277007818222046,0.25782182812690737,0.35181131958961489,0.8822884559631348,-0.4415234923362732,-0.03467049449682236,-0.3137863576412201,0.45525187253952029,-0.17470915615558625,-0.0832461342215538,0.3356665372848511,-0.20217177271842957,0.7391096353530884,-0.3597204089164734,0.1134318858385086,0.9120539426803589,-1.4981129169464112,0.22314172983169557,0.7359626293182373,1.2420200109481812,-1.3325575590133668,0.5079910755157471,-0.5901268720626831,-0.30387917160987856,0.7954403162002564,-0.18320375680923463,0.16464391350746156,0.7853224873542786,-0.3250858783721924,-0.03874114155769348,2.2558469772338869,-0.2518167495727539,1.310046672821045,-0.6135135293006897,0.15081962943077088,-0.8070082664489746,0.95149165391922,-0.03962908685207367,0.008758559823036194,1.0617419481277466,0.9868364334106445,-0.6971259117126465,0.9198506474494934,0.4635581970214844,-1.1594129800796509,0.28741660714149477,-0.6479461193084717,1.0851860046386719,-1.121489405632019,-1.5155390501022339,1.1492007970809937,-0.20911552011966706,-0.25424155592918398,0.25380945205688479,-0.7208976745605469,-0.9274362325668335,0.525130033493042,0.3178786039352417,-0.033132925629615787,0.13296648859977723,0.5863600373268127,0.5718636512756348,0.936493992805481,0.4514431655406952,1.2553108930587769,1.0175249576568604,1.3688331842422486,-0.2253633439540863,0.19489967823028565,-0.8823205232620239,-0.20768004655838014,0.1397039294242859,0.754927396774292,1.2556811571121216,-0.27788805961608889,1.3165321350097657,0.950177788734436,-0.056506603956222537,-0.5938646793365479,0.9996374249458313,-0.16200758516788484,-0.06586457788944245,-0.13878417015075684,-0.11747009307146073,0.6301920413970947,1.214679479598999,-1.3119266033172608,1.426466703414917,1.2691651582717896,-1.115058422088623,-0.3260076642036438,0.8111969232559204,0.8159069418907166,-1.2251091003417969,-0.5985087156295776,-1.3491544723510743,-0.6048078536987305,-1.3584657907485963,0.11310767382383347,-0.42875391244888308,0.04631032049655914,-0.6039261221885681,-0.4544282555580139,1.069785475730896,-1.3059402704238892,1.4661271572113038,-1.0147138833999634,0.8284124732017517,-0.35963892936706545,0.7458415031433106,-1.994553804397583,1.1932482719421387,-0.8390030264854431,-0.5922208428382874,-1.2142165899276734,-0.996022641658783,-0.8486523032188416,0.00008033961057662964,0.5344082117080689,0.10647313296794892,-0.7741775512695313,-0.8837087750434876,-0.5479553937911987,0.36275726556777956,0.7831888198852539,-0.055581629276275638,0.09755156934261322,-0.5234774351119995,-1.4716567993164063,1.914251685142517,-1.3190596103668213,-0.22407305240631104,-0.25302913784980776,-0.07409068942070008,0.1312541365623474,-0.7170058488845825,-0.2102799415588379,-0.31022322177886965,-0.10796864330768585,0.7308196425437927,-0.01802179217338562,0.24594566226005555,0.5872271656990051,-0.672329306602478,1.0961073637008668,-0.1245151162147522,1.0448591709136963,-1.1626075506210328,1.167161226272583,-0.38100653886795046,0.18792323768138886,1.3070303201675416,-0.554898738861084,0.28055766224861147,-1.2733491659164429,-1.1841801404953004,-0.15305198729038239,-0.5273944139480591,1.2663617134094239,-0.7803179621696472,0.5472486019134522,-0.7729322910308838,0.6264305114746094,0.11350460350513458,0.48593732714653017,-0.486233651638031,0.5154727697372437,-1.5667505264282227,0.6678451299667358,1.6577215194702149,0.27241724729537966,1.3066141605377198,-0.9404855370521545,-0.9034411907196045,-1.1151704788208008,1.4953577518463135,-2.331585645675659,0.9686077237129211,1.562417984008789,-0.48203057050704958,-0.8695135116577148,0.0043365806341171268,1.0266841650009156,-1.764174461364746,-0.9130969047546387,0.44250208139419558,-0.4124535024166107,-0.6231379508972168,0.7062246203422546,0.7051575779914856,-1.0018271207809449,-0.8372145295143127,0.15461945533752442,1.0282478332519532,0.5684366822242737,-0.47419852018356326,1.1436089277267457,0.48402053117752077,1.2678266763687134,1.0395140647888184,1.549328088760376,0.2785748839378357,-0.7016476392745972,-1.2417354583740235,-0.7110499739646912,0.3009205758571625,-0.4275935888290405,-0.44830965995788576,0.1613299697637558,-1.1382063627243043,-1.2364968061447144,-1.4769078493118287,0.26232248544692995,-0.09425607323646546,0.7337357997894287,0.6268472075462341,0.6786597967147827,-0.8373638987541199,-1.0633858442306519,-0.3895244598388672,0.8597588539123535,-0.26994016766548159,0.9849652051925659,-0.7500717639923096,0.24883167445659638,0.1388142704963684,-0.29116079211235049,-0.8440132141113281,0.5246069431304932,0.10058839619159699,-0.8289185166358948,-0.1562110185623169,-1.129022479057312,0.84754478931427,-0.6814960837364197,0.36490148305892947,0.14577341079711915,0.23253311216831208,0.26934316754341128,0.01980080083012581,-0.19859904050827027,-0.018714167177677156,0.6181144714355469,-0.9156609773635864,-1.4603004455566407,-0.47915971279144289,-1.3692150115966797,-1.4161393642425538,0.05315369367599487,1.2276201248168946,0.423746258020401,-0.12854982912540437,-1.2867372035980225,-0.7695302963256836,0.6274242401123047,-0.6096609830856323,0.7700207829475403,-0.6989279985427856,-1.0675314664840699,2.0498316287994386,-0.820676326751709,-1.0751653909683228,-1.3355858325958253,-0.8058220744132996,-1.009211540222168,0.28941547870635989,0.6632493734359741,1.0412532091140748,-1.429577350616455,-1.3927196264266968,-1.165823221206665,0.4525240361690521,-1.4927387237548829,-0.8378949761390686,1.2473483085632325,1.9399133920669556,-0.5818060636520386,1.1996822357177735,-0.19307279586791993,0.9413471221923828,0.5818225741386414,-0.9905799031257629,-0.7893538475036621,0.44465047121047976,0.7480337023735046,0.2748814821243286,1.2092900276184083,-0.13831909000873567,1.4269018173217774,0.9248003363609314,0.818522036075592,-0.720822811126709,-1.1157463788986207,-0.38619929552078249,0.6562057137489319,-1.0615966320037842,0.9472548365592957,-0.3375539779663086,-1.3273710012435914,-0.9630427956581116,-1.2536410093307496,0.39356935024261477,-0.44374120235443118,0.06017693877220154,-1.2748860120773316,-0.8978081941604614,-0.7441743016242981,0.9336828589439392,-0.051548317074775699,1.0460041761398316,-0.09423896670341492,0.7597427368164063,-0.5389449596405029,1.3342403173446656,-0.05205008387565613,0.19273856282234193,0.357003390789032,-1.0218077898025513,0.4258442521095276,-0.5040428638458252,1.2821664810180665,0.2815919518470764,-0.8277589082717896,1.4080954790115357,