{"neurons":2,"activationFunction":0,"weightsFlat":[0.04944627732038498,0.026105351746082307,0.06277243793010712,-0.07348726689815521,0.0023581162095069887,0.06033758074045181,-0.5222001671791077,-0.09035170078277588,0.18939173221588136,-1.2034730911254883,-0.02881801128387451,0.005533203482627869,0.08169777691364289,-0.25598666071891787,0.13505318760871888,0.13785426318645478,-1.2107453346252442,-1.0882320404052735,-1.4714857339859009,0.7149699330329895,-0.6046667098999023,-0.5593734979629517,-0.06319298595190048,-0.7240003347396851,0.23745715618133546,0.25808146595954897,-0.346089631319046,-0.6805667281150818,-0.13089926540851594,-0.8671365976333618,0.5640546083450317,0.7578574419021606],"biases":[-0.1589961051940918,1.46927011013031],"activeNeurons":[false,false]}