{"neurons":26,"activationFunction":0,"weightsFlat":[],"biases":[-1.1340441703796387,-2.026097297668457,0.5084511637687683,0.16604813933372498,0.5240378379821777,1.5474212169647217,-0.43270647525787356,-1.779930830001831,0.6225920915603638,0.8754485845565796,-0.9911836385726929,-1.6135482788085938,1.5513514280319214,1.2343904972076417,-0.9340016841888428,-1.2469208240509034,0.7090331315994263,0.27172091603279116,1.2381367683410645,-1.034076452255249,0.13767950236797334,-0.7889875173568726,-1.3795197010040284,2.1772658824920656,0.7184498906135559,0.4518052637577057]}