{"neurons":16,"activationFunction":1,"weightsFlat":[-0.8565034866333008,0.9910404682159424,-0.8894273638725281,-1.1754671335220338,0.5932076573371887,0.75595623254776,1.5682764053344727,-1.1812481880187989,-0.29297977685928347,0.6610142588615418,-0.2769487798213959,1.4572879076004029,-1.9521194696426392,-1.7353427410125733,-0.21796917915344239,0.9028318524360657,-0.4033918082714081,-1.380925178527832,0.341962069272995,1.673027753829956,-0.760637640953064,-1.26780366897583,0.7491820454597473,-0.9273521900177002,0.3151977062225342,0.38373178243637087,2.5030810832977297,1.9936546087265015,0.5402467250823975,1.531894326210022,-1.9271297454833985,-2.2045373916625978,1.3081709146499634,-0.7590976357460022,-1.7975386381149293,0.5181986689567566,-1.8760530948638917,0.8840500116348267,1.4108706712722779,1.365734577178955,-0.5931845307350159,0.9598119854927063,-0.696537435054779,0.8749255537986755,0.14020058512687684,1.4342294931411744,1.7394417524337769,-1.0189801454544068,1.1457911729812623,-1.924407720565796,0.8412851095199585,-1.524558186531067,0.8880619406700134,-0.9288411140441895,-1.8167134523391724,-1.6749589443206788,1.3994389772415162,-0.19456201791763307,-0.44722145795822146,-0.834827184677124,0.47877487540245058,-2.212887763977051,-0.9543370604515076,0.20577798783779145,-0.2008957862854004,-0.10825520753860474,-0.3386662006378174,-2.1090803146362306,-0.6003289818763733,-1.6475856304168702,0.14716240763664246,1.129278302192688,-1.7368124723434449,1.5266190767288209,0.013964630663394928,0.07647411525249481,2.075824737548828,-0.6164610385894775,0.6720554828643799,-1.5960612297058106,-2.2591941356658937,1.0802792310714722,-1.4304286241531373,0.06050117313861847,2.7987277507781984,-1.1274043321609498,0.5613445043563843,-0.36257532238960268,-1.041638731956482,2.920501947402954,-0.6791640520095825,1.9126543998718262,-1.223690152168274,1.1735830307006837,0.6511289477348328,-1.5672032833099366,-1.745863914489746,-2.0481643676757814,1.358807921409607,0.8435567617416382,2.380824327468872,-1.120229959487915,1.184104561805725,1.4650685787200928,0.49437960982322695,0.4401272237300873,1.1010500192642213,2.5264744758605959,0.2559165954589844,-1.707484245300293,0.5849295854568481,-1.333949327468872,1.3643656969070435,-0.8798356652259827,1.2267284393310547,2.3420095443725588,1.3411473035812379,-2.2233641147613527,1.312906265258789,-0.7596970200538635,-1.9276913404464722,0.0213879756629467,-2.1568174362182619,-2.0196471214294435,-0.49804559350013735,1.61702561378479,-0.7719388008117676,0.6348486542701721,0.3204178214073181,-0.161566823720932,0.5964076519012451,-1.4929540157318116,1.6586568355560303,1.8360919952392579,1.6691335439682007,-1.864698052406311,0.35359036922454836,-2.24098539352417,2.022510290145874,0.889376699924469,0.7487223148345947,-2.5416955947875978,-1.2079002857208253,-0.6067203283309937,0.42977452278137209,0.839495062828064,1.7168983221054078,-1.5997560024261475,-1.7782307863235474,0.9169941544532776,-1.6369595527648926,-1.489957332611084,-1.7249870300292969,-1.3590354919433594,-0.2034676969051361,-2.777327060699463,1.086704969406128,-0.7728278636932373,-0.8863095641136169,1.6983184814453126,-0.621373176574707,0.11703158915042877,-0.35428059101104739,0.5183231234550476,1.8254706859588624,0.753180980682373,1.0919610261917115,0.11631279438734055,0.6711844801902771,1.3171429634094239,-0.17033043503761292,-2.2842373847961427,0.5131896734237671,-0.5785987377166748,1.5630618333816529,2.0152812004089357,-0.9841614961624146,1.7580621242523194,0.083510622382164,0.6052349805831909,0.2756754159927368,-1.2115966081619263,1.5132566690444947,1.1099623441696168,0.48234623670578005,2.164673089981079,-0.015656955540180208,-2.767683744430542,0.6553482413291931,-2.4851999282836916,0.5994337797164917,0.5515983700752258,-1.1750671863555909,0.13665734231472016,-1.5771687030792237,1.022447109222412,1.8902885913848878,-0.905649721622467,1.952067494392395,-1.7090831995010377,-1.5105477571487427,1.3875348567962647,-1.4447468519210816,-2.3489773273468019,-4.235930442810059,-1.0935368537902833,-0.1476706862449646,1.4248456954956055,-1.6930989027023316,1.0687823295593262,1.8135446310043336,1.0821598768234254,0.729316771030426,0.4077496826648712,-0.4370844066143036,1.7336194515228272,-1.674780249595642,1.2221765518188477,1.025596022605896,1.1071960926055909,-1.4744521379470826,0.10099688172340393,0.02121010422706604,1.286670446395874,-0.6367508172988892,-1.6670432090759278,0.16779454052448274,-1.1078393459320069,-2.163102388381958,0.7248892188072205,1.5285543203353882,0.9869259595870972,-0.4755985140800476,-1.1694467067718506,-2.0275840759277345,-0.41474956274032595,-3.3854784965515138,0.2283182442188263,0.32493406534194949,0.1962905079126358,1.1817734241485596,0.3218609094619751,-2.7190680503845217,-1.5944005250930787,0.03829030320048332,2.318636655807495,0.3848958909511566,1.1154580116271973,-0.15322603285312653,2.0350828170776369,-1.287680983543396,1.9796345233917237,-1.189436435699463,1.3746967315673829,1.2630313634872437,1.7361239194869996,-0.9744119644165039,-1.03957200050354,0.4806908369064331,0.5672892332077026,0.8642134666442871,0.44555947184562685,0.6680529117584229,-0.5390751361846924,0.5713621377944946,0.7429733872413635,-1.0678879022598267,-1.357153296470642,-1.350481629371643,-1.3491694927215577,-1.576283574104309,0.33448994159698489,0.3761502206325531,2.2677881717681886,0.7356997728347778,1.979559302330017,1.5335594415664673,-0.30595630407333376,1.8188018798828126,-0.5534241199493408,-0.04393557831645012,0.5633634924888611,-1.7830978631973267,-2.9417195320129396,1.3266232013702393,0.9046027064323425,1.947415828704834,0.2261885553598404,-2.013758659362793,-1.6494417190551758,0.9904742240905762,-1.3272747993469239,1.5401052236557007,0.7345401048660278,-2.1212236881256105,-0.5566635727882385,-1.201633334159851,2.0700433254241945,0.964087963104248,-1.1375880241394044,0.1400160938501358,-2.0791518688201906,-0.7024373412132263,0.36369433999061587,-1.0629982948303223,-0.14422331750392915,1.8088006973266602,-0.6721904873847961,-0.5899827480316162,-0.27029526233673098,-0.6723000407218933,-1.2002241611480713,-0.7410467863082886,1.4055957794189454,-0.43143999576568606,1.6334552764892579,-0.7542705535888672,-1.825422763824463,-1.3561047315597535,-0.2804226577281952,-2.033348798751831,-1.6873819828033448,-1.459258794784546,-1.0825644731521607,0.6919920444488525,-1.2545242309570313,1.191295862197876,-1.5129646062850953,-0.5483611822128296,0.2580823302268982,-2.2285239696502687,1.479634165763855,-3.1252338886260988,-1.8576022386550904,-1.4144240617752076,-0.2348269671201706,1.317457675933838,-0.01694546639919281,-1.3987631797790528,-0.5226864218711853,-1.2873932123184205,-0.5993747711181641,-2.0093531608581545,0.2657610774040222,0.8588024377822876,-0.002316609025001526,-1.369500994682312,0.6232696175575256,0.23220910131931306,0.9727981090545654,0.9120470881462097,-1.9366471767425538,0.24077889323234559,-0.08690714091062546,0.6073304414749146,1.2475332021713257,-1.1866261959075928,-1.7812564373016358,1.3990787267684937,2.0087296962738039,0.9594156742095947,-1.4331451654434205,-0.5874110460281372,-2.801931142807007,-1.011102557182312,-0.12922446429729463,-0.4253067672252655,1.3941971063613892,1.490408182144165,0.7576813101768494,2.16621732711792,0.9580325484275818,1.7354779243469239,0.5204132795333862,1.594734787940979,0.6171309947967529,0.4955020546913147,0.7217903137207031,2.034198045730591,0.9211033582687378,-0.0953252762556076,-0.7843987345695496,-1.5141044855117798,1.0392545461654664,-1.964784860610962,0.9624250531196594,0.8693292140960693,1.5228806734085084,0.6044812798500061,0.019320189952850343,-0.3951786756515503,0.4652838110923767,1.2453380823135377,1.2644538879394532,-1.142868995666504,-2.0140540599823,0.367125928401947,-0.8156839609146118,-0.8737314939498901,-0.2019563913345337,-2.3377609252929689,-1.6184231042861939,-1.19237220287323,-2.0389180183410646,-0.050087764859199527,-1.9630428552627564,1.0687851905822755,0.49531295895576479,1.5845606327056885,