{"neurons":16,"activationFunction":0,"weightsFlat":[-0.91335129737854,-0.9068088531494141,0.8163957595825195,-0.7054736614227295,-0.4192875623703003,-0.5442788600921631,0.30588003993034365,-0.560546875,-0.3230794668197632,0.6396303176879883,-0.5549099445343018,0.3643035590648651,0.06971609592437744,0.6803860664367676,-0.23673903942108155,0.15229475498199464,-0.4391096830368042,0.1540607213973999,-0.6436648368835449,0.5520122051239014,0.580247163772583,0.2237917184829712,0.8656713962554932,-0.9586107730865479,0.9662015438079834,0.7987287044525147,0.9842360019683838,-0.6472547054290772,0.8730919361114502,0.898648738861084,0.15041935443878175,0.9804337024688721,-0.7183182239532471,-0.5900731086730957,0.4912056624889374,0.9984395503997803,-0.7993178367614746,-0.28129613399505618,-0.03243577480316162,0.7297427654266357,-0.9608504772186279,0.4111470878124237,-0.00011217594146728516,0.13038432598114015,0.10375916957855225,0.2575649917125702,0.03133857250213623,-0.6971943378448486,0.5459616184234619,-0.029628396034240724,0.6850309371948242,-0.02374565601348877,-0.005441069602966309,-0.8386132717132568,-0.24821960926055909,0.35318657755851748,-0.16549813747406007,-0.9238667488098145,0.8789348602294922,0.5707604885101318,0.9031829833984375,0.9231927394866943,-0.04682886600494385,-0.39887988567352297,-0.763434648513794,-0.6403360366821289,0.1580127477645874,0.07624781131744385,0.14563977718353272,-0.9277918338775635,-0.9422347545623779,0.7499747276306152,0.6040260791778565,0.408962219953537,-0.5946645736694336,-0.5834689140319824,-0.16627061367034913,-0.4428614377975464,0.25609561800956728,0.5247750282287598,-0.6445591449737549,0.7527310848236084,0.10111105442047119,-0.6251370906829834,0.11652958393096924,0.38565585017204287,-0.5845234394073486,-0.24996674060821534,-0.19854938983917237,-0.8986728191375732,0.7128732204437256,-0.6500818729400635,0.17166507244110108,-0.4087294340133667,-0.33780038356781008,-0.5737242698669434,0.41612479090690615,-0.06806981563568115,-0.39193427562713625,0.8205976486206055,-0.614997386932373,0.8498795032501221,0.38470932841300967,-0.030607104301452638,0.37016531825065615,0.6622612476348877,-0.8469462394714356,-0.44544827938079836,-0.7220296859741211,-0.7947123050689697,0.5411646366119385,-0.9738807678222656,-0.5850465297698975,0.3567146956920624,-0.08522641658782959,0.248130202293396,-0.8161706924438477,0.6907463073730469,0.6086714267730713,0.2222193479537964,-0.045687079429626468,-0.19467055797576905,-0.8923852443695068,0.33481070399284365,0.3733982741832733,-0.3250802755355835,0.8134200572967529,0.16417109966278077,0.6566662788391113,-0.671358585357666,0.28065821528434756,-0.29069268703460696,-0.8644888401031494,-0.30719006061553957,-0.5907330513000488,0.7355895042419434,-0.44625937938690188,0.13081324100494386,0.2360304594039917,0.7865066528320313,0.40487930178642275,0.17144954204559327,0.2973456084728241,-0.11031496524810791,0.29309722781181338,-0.6630513668060303,0.9975850582122803,-0.2223111391067505,-0.2566760778427124,-0.5464046001434326,0.3132114112377167,-0.00900256633758545,0.4647209346294403,-0.6923003196716309,0.14195144176483155,0.7064423561096191,0.7384078502655029,0.3774270713329315,-0.6871011257171631,-0.04430878162384033,-0.22921311855316163,-0.621394157409668,0.056887030601501468,0.05131947994232178,-0.6546688079833984,0.31702110171318056,0.48912689089775088,-0.9434874057769775,0.6496129035949707,0.22301948070526124,0.7015178203582764,-0.30941712856292727,-0.7372031211853027,-0.43753015995025637,-0.156014084815979,0.7516930103302002,-0.07650411128997803,0.8938696384429932,-0.1268066167831421,-0.21603000164031983,0.9241232872009277,-0.9838333129882813,-0.509619951248169,0.8371076583862305,0.9110441207885742,-0.6636440753936768,0.8976612091064453,-0.5178682804107666,-0.13590466976165772,0.5660903453826904,0.7513937950134277,0.8510820865631104,0.7933192253112793,-0.44320690631866457,0.7724888324737549,0.25732943415641787,-0.4371851682662964,-0.4381183385848999,-0.65946364402771,-0.06938326358795166,-0.9958410263061523,-0.1908358335494995,-0.13235771656036378,0.781806230545044,-0.058123230934143069,-0.8651151657104492,-0.49723851680755618,-0.6578388214111328,-0.8973715305328369,0.9003348350524902,-0.3664287328720093,-0.3267093896865845,-0.6542479991912842,-0.3894437551498413,0.19772231578826905,0.4334401786327362,-0.633613109588623,0.24322474002838136,-0.49067580699920657,-0.15924608707427979,-0.3400934934616089,0.48578378558158877,0.5758488178253174,0.813884973526001,0.7870352268218994,0.6019096374511719,0.3490302264690399,0.17126452922821046,-0.6018736362457275,-0.8943135738372803,0.1241995096206665,-0.5764238834381104,-0.381740927696228,0.5982036590576172,0.11677086353302002,-0.2849770784378052,-0.006801009178161621,0.7938628196716309,0.6374001502990723,-0.04911649227142334,0.04670441150665283,-0.8978748321533203,-0.23884832859039308,-0.5044686794281006,0.14577209949493409,-0.5736439228057861,-0.16636931896209718,-0.8984026908874512,-0.038942933082580569,-0.2448502779006958,0.2943079173564911,0.29448696970939639,0.6619222164154053,0.022260546684265138,-0.627098798751831,-0.33755314350128176,0.5493650436401367,-0.9704799652099609,0.4178785979747772,-0.594071626663208,0.18357574939727784,-0.256900429725647,0.9711687564849854,-0.11965525150299072,0.5303828716278076,-0.7540802955627441,-0.8624594211578369,0.767242431640625,0.028807997703552247,-0.05930483341217041,-0.07560837268829346,0.22646105289459229,-0.02132546901702881,0.4187621772289276,-0.7687585353851318,0.6509647369384766,-0.7354953289031982,-0.3836566209793091,0.0006154775619506836,-0.770543098449707,-0.905515193939209,0.7982017993927002,-0.6301989555358887,-0.7644567489624023,-0.17727553844451905,0.43906328082084658,0.9210150241851807,-0.4406987428665161,0.1281799077987671,0.2729909121990204,0.07624232769012451,-0.28271734714508059,-0.9379572868347168,0.8666658401489258,-0.5480451583862305,0.9557445049285889,0.9922125339508057,-0.21589744091033936,-0.20182669162750245,-0.5102682113647461,-0.15663325786590577,0.1313999891281128,-0.6042487621307373,-0.687314510345459,0.0518413782119751,-0.1810849905014038,-0.8380553722381592,0.8835494518280029,0.42121264338493349,-0.7853903770446777,-0.7597341537475586,-0.5399713516235352,-0.5569381713867188,-0.6903414726257324,-0.7648727893829346,-0.6388683319091797,-0.4360908269882202,0.3411423861980438,-0.48957526683807375,-0.9373753070831299,-0.9977767467498779,-0.6086740493774414,-0.706308126449585,-0.5218584537506104,0.5698459148406982,0.39577266573905947,-0.3270338773727417,-0.08313071727752686,0.29923221468925478,0.7678990364074707,-0.4917045831680298,0.18888366222381593,-0.7240493297576904,-0.10505187511444092,-0.29583680629730227,-0.9579799175262451,0.43199512362480166,0.5283510684967041,0.389543741941452,0.7333016395568848,0.5899527072906494,-0.611029863357544,0.991417407989502,-0.37094342708587649,-0.2776075601577759,-0.7828025817871094,-0.9225931167602539,-0.4727975130081177,-0.7168841361999512,0.6529965400695801,-0.31396400928497317,-0.17297089099884034,0.7964577674865723,0.9602212905883789,0.8523538112640381,-0.17231881618499757,0.694401741027832,0.13851702213287354,-0.21285951137542725,-0.04368555545806885,-0.9963886737823486,-0.4298955202102661,-0.3171905279159546,-0.8497216701507568,0.4402904212474823,-0.16884028911590577,0.6492569446563721,0.3000015914440155,-0.9824280738830566,-0.06627070903778076,-0.24649584293365479,0.5721042156219482,0.8570959568023682,0.5689191818237305,0.7724325656890869,-0.33996808528900149,-0.45904386043548586,-0.8585398197174072,0.06552088260650635,0.22652685642242433,-0.163735032081604,-0.3428252935409546,-0.13932526111602784,0.2032240629196167,-0.8978569507598877,-0.6270747184753418,0.0840076208114624,0.27817627787590029,0.2974235713481903,0.9085955619812012,0.8129227161407471,0.8276376724243164,-0.960686206817627,-0.2724965810775757,-0.23180711269378663,0.5374453067779541,0.853783130645752,-0.739281415939331,0.5607340335845947,0.0437999963760376,0.6287147998809815,