{"neurons":11,"activationFunction":0,"weightsFlat":[],"biases":[-0.22591984272003175,0.6100966930389404,-0.1277848482131958,-0.39474475383758547,0.7483804225921631,0.3103308379650116,0.4663653075695038,-0.5522239208221436,-0.03664529323577881,-0.8055508136749268,0.19201290607452393]}