{"neurons":16,"activationFunction":1,"weightsFlat":[1.4724243879318238,-1.0035877227783204,1.3054264783859254,0.5565940737724304,0.4512344002723694,-0.25046801567077639,-1.2014431953430176,1.0085434913635255,-1.0396127700805665,0.17746472358703614,0.6215922236442566,1.0764917135238648,1.0089744329452515,0.15752673149108888,-0.884273111820221,-1.4744296073913575,-0.7870845794677734,0.7776635885238648,0.3436605930328369,1.2201347351074219,1.413759708404541,-1.3585057258605958,-0.49423861503601076,0.9256052374839783,-0.6039016246795654,0.03953981399536133,0.7860795855522156,-0.3739297389984131,-1.170102596282959,1.0138338804244996,1.4344162940979005,0.11069178581237793,-1.0386638641357422,0.9941961765289307,1.3020429611206055,0.5556010007858276,1.3088088035583497,0.2915034294128418,1.1867880821228028,-0.1688380241394043,0.24169445037841798,-0.17620062828063966,0.22267818450927735,-0.883610188961029,-1.2508442401885987,-1.4084651470184327,-0.12947797775268556,-0.5987207889556885,-0.48015928268432619,1.0331557989120484,-0.5766172409057617,1.281090259552002,1.0648078918457032,-1.2683215141296387,-0.9235929846763611,0.6235341429710388,0.4644179940223694,0.4020065665245056,-0.639491081237793,-0.12124466896057129,-0.5600354671478272,0.10529184341430664,-0.8612805008888245,-0.37235593795776369,0.4448300004005432,-0.6096365451812744,1.26093327999115,0.461239755153656,-0.09748601913452149,0.3836734890937805,0.16161799430847169,1.153787612915039,1.0195183753967286,0.7438076734542847,-1.2281684875488282,1.4720120429992676,-1.0030179023742676,-1.1540460586547852,0.18247628211975099,-0.7605006694793701,0.7759919166564941,-0.8682199120521545,-0.9268073439598084,0.626034677028656,1.1650195121765137,-0.13469457626342774,-1.12105393409729,1.076175570487976,1.0815085172653199,-0.17858099937438966,1.3688671588897706,-1.2382171154022217,0.8576738238334656,0.7413553595542908,1.489393711090088,-0.8988425731658936,0.5305275917053223,0.8415851593017578,1.1066136360168458,-1.2137460708618165,-0.4613151550292969,0.3116495609283447,0.6744993925094605,0.9053005576133728,-1.376570224761963,1.391402244567871,0.08054828643798828,0.18858957290649415,0.07612729072570801,-0.1536121368408203,-1.4424769878387452,0.25121521949768069,-0.6456215381622315,-0.8276417255401611,1.4652514457702637,0.13868069648742677,1.0302261114120484,0.020797014236450197,1.0497554540634156,1.246807336807251,-1.4450147151947022,-1.1151845455169678,0.8628587126731873,0.4583283066749573,-1.4187688827514649,-0.5349416732788086,-1.2632594108581544,-0.6704444885253906,-0.32243776321411135,1.2178680896759034,-0.6301891803741455,-1.2684025764465333,0.2546236515045166,-0.12591981887817384,-0.4796578884124756,0.16908884048461915,0.288405179977417,-0.5157070159912109,-0.1673874855041504,-1.450063705444336,-1.0757837295532227,-0.9723479747772217,-1.2226159572601319,-0.4231679439544678,-1.3334105014801026,1.4966061115264893,0.37050509452819826,1.1875866651535035,-0.6309747695922852,-0.7566880583763123,0.12790155410766602,0.7525505423545837,-0.3619875907897949,-0.550377607345581,0.30068039894104006,-0.6551487445831299,1.229771614074707,-0.0035309791564941408,-0.8231184482574463,-1.0183262825012208,-0.7105698585510254,1.3650970458984376,1.0893874168395997,-0.65911865234375,1.394172191619873,0.8165115714073181,-0.5586514472961426,1.4995969533920289,1.1154974699020386,0.4632342457771301,-0.18224883079528809,-0.5364470481872559,-0.5094506740570068,-0.9014225006103516,0.2767908573150635,0.032053232192993167,-0.5183963775634766,0.18146872520446778,0.8020738363265991,1.0443148612976075,0.9563044309616089,1.2404154539108277,-0.6387817859649658,0.5500220060348511,0.03987574577331543,0.0729520320892334,-0.25109076499938967,-0.7261381149291992,-1.1063556671142579,0.4560394883155823,-0.484907865524292,-0.11348295211791992,-1.3660058975219727,-0.7064907550811768,1.4058369398117066,-0.6787822246551514,-0.46416640281677248,1.4580963850021363,-0.19760632514953614,1.3197129964828492,-0.3276631832122803,0.7577854990959168,-0.22831416130065919,0.5049371719360352,-0.6789274215698242,0.6432651877403259,-0.4067511558532715,-0.2622096538543701,-0.3543360233306885,-0.1375117301940918,0.573499858379364,-0.9625964760780335,0.6320549845695496,1.1916098594665528,-0.21169447898864747,-1.0178024768829346,1.0745351314544678,-0.562319278717041,1.169975996017456,-0.20219755172729493,0.2599966526031494,-0.6951215267181397,0.7700814604759216,-0.09733867645263672,-0.6611299514770508,0.0745995044708252,0.9823846817016602,0.7267405390739441,-1.3930392265319825,0.659299373626709,-1.4495429992675782,-0.1068110466003418,-1.0108070373535157,-0.2587735652923584,0.8119649887084961,-0.0904231071472168,0.9365404844284058,-0.6463477611541748,0.5070154070854187,-1.4114646911621094,0.6539632678031921,0.4161139130592346,1.0570087432861329,-1.0888633728027344,0.10950231552124024,0.27167820930480959,0.9031537771224976,-0.05885934829711914,-1.073735237121582,1.3727749586105347,-0.3452470302581787,0.31680870056152346,0.1646251678466797,-0.48506951332092287,-1.360753059387207,-0.1228482723236084,0.19788074493408204,0.8071267008781433,-1.4844181537628174,1.0166362524032593,0.938963770866394,1.322979211807251,1.417587161064148,-0.0014002323150634766,-1.284775733947754,0.45485252141952517,-0.3307151794433594,-0.9093599915504456,-1.3423805236816407,0.25626158714294436,-0.5986237525939941,1.0346102714538575,0.10519146919250488,0.15642809867858888,-0.44612908363342287,0.4579402804374695,1.4354681968688965,0.9781002998352051,-0.20311737060546876,0.5094000697135925,-0.21294617652893067,-0.7678678035736084,-0.22243404388427735,0.03429985046386719,0.47722500562667849,1.0302681922912598,1.049079179763794,0.47158128023147585,-1.2294840812683106,-1.4286425113677979,0.8317093253135681,-0.5808680057525635,-0.7821211218833923,1.2391966581344605,-0.8411400318145752,-1.2743921279907227,0.8885270953178406,0.01584315299987793,0.8261942863464356,-1.2426347732543946,0.7863671183586121,-1.484595537185669,0.5774898529052734,0.4012848734855652,-0.3996009826660156,0.4960516095161438,-1.4445810317993165,-1.2398133277893067,0.1613011360168457,-1.3472061157226563,-0.7827250957489014,1.203829050064087,1.1711461544036866,-0.47330284118652346,-0.8995141983032227,1.0384576320648194,0.4844115376472473,-0.012508630752563477,-0.04808926582336426,-1.4608817100524903,-1.3130428791046143,0.310042142868042,0.6001045107841492,-0.2819340229034424,-1.384136438369751,-0.3031191825866699,0.1437082290649414,0.31128478050231936,-1.064404010772705,-1.1494839191436768,0.9457118511199951,-0.1063995361328125,1.201737880706787,0.29555702209472659,-0.35620570182800295,-0.8188648223876953,1.4992942810058594,1.2409347295761109,-1.4721970558166505,-1.1619071960449219,1.0808393955230713,-1.1717727184295655,-0.28379297256469729,1.4582136869430543,-1.2725872993469239,-0.6921360492706299,-0.6541459560394287,1.4210658073425294,1.4774260520935059,-1.044748306274414,0.008140087127685547,0.6974450945854187,0.7576653361320496,-0.4711494445800781,-0.8854329586029053,-0.28545308113098147,-0.4363222122192383,-0.7797585129737854,-0.9152387976646423,-1.0613431930541993,-0.042143821716308597,-0.7223219871520996,1.0749367475509644,0.30473923683166506,0.8043912649154663,-0.9665665626525879,0.6428184509277344,-1.2130556106567383,-0.19706392288208009,-0.9931590557098389,-1.4500529766082764,0.5994839668273926,0.8753209114074707,0.6280881762504578,-1.3812198638916016,-0.2840442657470703,1.3611266613006592,-0.47318267822265627,0.6960896849632263,-0.9853305816650391,-0.946034848690033,1.3200294971466065,-1.0459637641906739,-0.9192656874656677,-0.9928383231163025,0.9758985042572022,-0.05978703498840332,1.4309452772140504,-0.7121827602386475,-0.8358345627784729,-0.8038365840911865,0.07396841049194336,0.5835589170455933,0.55430668592453,1.3049243688583375,-1.0721430778503419,1.243180274963379,0.2774057388305664,-0.5301673412322998,0.5188929438591003,0.9461581707000732,1.4489221572875977,-0.06888675689697266,0.8124055862426758,-0.864450216293335,