{"neurons":35,"activationFunction":4,"weightsFlat":[],"biases":[-1.3339725732803345,-1.4092234373092652,-0.6611818075180054,-0.04001779109239578,1.0149128437042237,-0.3257104158401489,0.6142077445983887,1.2726993560791016,0.9394208788871765,1.3793773651123047,1.0475187301635743,0.6562185883522034,0.17194783687591554,-0.029045984148979188,-0.7098038792610169,1.1671192646026612,1.6149495840072632,0.9458675980567932,1.3772510290145875,1.46778404712677,-1.794836163520813,1.3385552167892457,0.3236476182937622,-0.4893742501735687,-1.052397608757019,1.4443984031677247,-0.03302738815546036,1.063501000404358,-1.6200249195098878,-0.04952171444892883,0.6927555799484253,-0.033330805599689487,1.75473153591156,0.3152083456516266,-2.7972984313964845]}