{"neurons":32,"activationFunction":0,"weightsFlat":[-1.4760130643844605,-1.2585031986236573,0.07602798938751221,1.2661782503128052,-0.6902148723602295,-0.9670454859733582,1.3203250169754029,-0.7058814167976379,1.2840420007705689,1.0100643634796143,0.9393367767333984,0.05001401901245117,-0.3810439109802246,1.475851058959961,1.270528793334961,0.4392282962799072,1.4109067916870118,-1.0919610261917115,1.2690362930297852,0.8780348300933838,-0.40539848804473879,-0.08717621117830277,0.037276118993759158,-0.6596885919570923,0.9574427604675293,-1.2035636901855469,-0.8291272521018982,-0.5619289875030518,-0.09765458106994629,-1.3222006559371949,1.4191670417785645,-1.3041129112243653,1.0539281368255616,0.3953149914741516,1.125866174697876,0.12265618145465851,1.1618956327438355,0.1630261242389679,0.3670107126235962,0.6907742023468018,0.039509452879428866,-0.460092157125473,0.4687317907810211,-1.1518977880477906,-0.6762452125549316,0.5408751368522644,1.0668286085128785,-1.1899181604385377,1.187694787979126,-1.5876351594924927,0.6366971731185913,0.45931634306907656,-1.1588337421417237,-0.29265296459198,1.0112035274505616,0.903157651424408,-0.2626797556877136,0.44924741983413699,-0.9706220030784607,-1.1433316469192505,0.44553127884864809,0.21952489018440247,0.7964431047439575,0.45221710205078127,-0.5137395858764648,0.30637168884277346,0.9113321900367737,-1.1643913984298707,0.25498685240745547,-0.8993030190467835,-1.4715250730514527,0.42674195766448977,-0.030416809022426606,-1.0165183544158936,-0.6475132703781128,0.7798338532447815,1.1208889484405518,0.990139365196228,-0.9151613712310791,0.26164382696151736,-0.2105032354593277,-0.9214614629745483,1.4950860738754273,1.3816554546356202,-0.3500097095966339,-1.108094334602356,1.1671181917190552,0.41886448860168459,-1.804732322692871,1.386630892753601,-0.13642916083335877,-0.9660488963127136,-0.011130865663290024,0.7963916063308716,0.36531752347946169,0.41635558009147646,-0.7977709770202637,1.4453500509262086,0.7539021372795105,0.8859748244285584,-0.920601487159729,0.05742858350276947,0.27971339225769045,0.22792655229568482,0.18193787336349488,-1.0140115022659302,-0.5353981256484985,-0.9489518404006958,0.4139520823955536,-0.4184526801109314,0.5726761221885681,0.9393830299377441,0.19517925381660462,-0.42595988512039187,1.0085878372192383,-0.2793039381504059,1.5254462957382203,1.6352548599243165,-1.4823118448257447,0.03732086718082428,-1.0255072116851807,-0.2920725345611572,-0.3995174467563629,0.887195885181427,1.1550813913345338,-1.546879768371582,0.1276627480983734,1.0519492626190186,0.0016952753067016602,0.6436359882354736,-0.8591122031211853,-0.762885332107544,-0.2236660271883011,1.44051194190979,-1.010606288909912,-0.5228058695793152,-1.2035059928894044,-1.5070823431015015,0.5984245538711548,1.4094287157058716,1.4040888547897339,-0.6323499083518982,0.06107804924249649,1.402592420578003,-0.8027825951576233,-0.15552833676338197,0.9036915898323059,-0.6620108485221863,1.1560063362121583,0.9749165177345276,0.9538299441337586,0.6245889067649841,-1.1671361923217774,0.0410468652844429,1.0007075071334839,-0.5399994254112244,0.8294510245323181,0.6757103204727173,-0.9166789054870606,-0.2510869801044464,1.134633183479309,-0.3216479420661926,0.5432579517364502,-0.14866043627262116,-0.6821082830429077,1.2826659679412842,1.404180645942688,0.7625066637992859,-0.8055721521377564,1.2359699010849,-0.1777319461107254,-0.5909019708633423,-0.5314415693283081,0.022607937455177308,-0.40722379088401797,1.172896385192871,1.4421489238739014,0.29899272322654726,-0.25004875659942629,0.690201997756958,1.4101535081863404,0.27221670746803286,1.4190473556518555,-0.07627430558204651,1.519126057624817,0.875712513923645,0.3578353226184845,-0.16705220937728883,0.31997397541999819,0.6639100313186646,1.173680305480957,-1.4705818891525269,-1.0478070974349976,0.6536799669265747,-0.5232945680618286,1.4845272302627564,1.2662464380264283,-1.299860954284668,-0.8153571486473084,0.006925620138645172,1.4417091608047486,1.49424147605896,-0.3996381163597107,-1.2058396339416505,-0.5973663926124573,0.11036600917577744,0.1593533307313919,0.2820177674293518,-0.7863340377807617,0.37267357110977175,-1.0025688409805298,0.024297993630170823,-1.2326158285140992,-0.18521034717559815,1.2312761545181275,0.011693187057971955,0.36247560381889346,-1.0115514993667603,0.7972216606140137,-1.0876328945159913,-1.31605064868927,-0.6959781050682068,-0.41769909858703616,0.5970895290374756,-1.101709246635437,0.14941862225532533,0.15938639640808106,0.7702039480209351,-1.504652976989746,0.7667361497879028,-0.7871920466423035,-1.1232209205627442,-0.37192341685295107,-1.3032538890838624,-1.2583420276641846,0.969064474105835,-0.9647198915481567,0.14718393981456757,1.1800978183746338,0.29373404383659365,-0.25455936789512637,-0.36654695868492129,1.139528512954712,1.0376180410385132,0.8757824301719666,-1.5057355165481568,0.16257840394973756,0.976355791091919,0.28290000557899477,-0.8426363468170166,1.4494084119796754,-0.551498293876648,-1.0904330015182496,0.3940705358982086,1.3669710159301758,1.2314605712890626,-1.1173369884490967,-0.10480031371116638,-0.11853353679180145,0.3080717623233795,0.15445785224437715,-0.9339686632156372,-0.2268962264060974,-1.178803563117981,0.3239273428916931,-0.0338459312915802,-0.9607033729553223,-1.4600868225097657,-0.9631465077400208,-0.7138016819953919,-1.2393126487731934,0.8625845909118652,0.21097636222839356,-1.2910888195037842,0.6884015798568726,0.442363440990448,-1.3838328123092652,-1.1065311431884766,0.033989209681749347,0.08528498560190201,-0.2042800784111023,0.9070478081703186,-1.0430834293365479,-1.023637294769287,-0.3537074327468872,1.3542239665985108,0.06439322233200073,-0.35210490226745608,-0.0920780748128891,1.4248815774917603,-0.4340362250804901,0.8682073354721069,-0.5818425416946411,0.6778396368026733,-0.45288434624671938,-0.10378360003232956,0.9192968010902405,0.24335256218910218,-0.3754739761352539,-1.4705157279968262,0.4616251289844513,-0.9714020490646362,-0.6356614232063294,0.3402424454689026,-0.5368812084197998,-0.7823207378387451,-1.3529517650604249,1.0319252014160157,0.6515617966651917,-0.01621706783771515,-0.48968255519866946,0.6400743126869202,-0.21295249462127686,0.5686562061309815,-1.2731165885925294,0.3115200400352478,-1.0740621089935303,-0.4868006110191345,1.378834843635559,0.49568626284599306,-0.9056805372238159,-0.43685629963874819,-0.2747311294078827,0.6670728921890259,0.9679450988769531,1.4220373630523682,-0.9616245031356812,-0.7516276836395264,-1.3638532161712647,1.5585086345672608,-1.5574934482574463,-1.229529857635498,-1.0012811422348023,-1.1237257719039918,-1.2504640817642213,-0.35377979278564455,0.23284125328063966,1.490503191947937,-0.4443320333957672,-0.00800112634897232,-0.6943476796150208,-0.2435397207736969,-0.6920038461685181,1.3967514038085938,-0.3741969168186188,0.3896016776561737,0.6551718711853027,-0.8395864963531494,1.3320374488830567,0.10593701899051666,1.4876421689987183,-0.0039506107568740849,1.271636962890625,-1.1528319120407105,0.5933236479759216,0.5122011303901672,-0.6221790313720703,-1.1736717224121094,-1.1140105724334717,-0.015447258949279786,1.2357662916183472,-1.0913795232772828,-0.4389649033546448,-1.456192970275879,-0.6430550813674927,-1.1726096868515015,1.3183449506759644,0.057838454842567447,0.5952533483505249,-0.5711843967437744,-0.09605330228805542,-0.9392469525337219,1.246659278869629,1.3026938438415528,-0.7913572192192078,-1.3549447059631348,0.9369779229164124,-0.027743607759475709,-0.5900318026542664,-1.6524691581726075,-0.8698797821998596,-1.5564006567001343,0.3009796142578125,-1.3360244035720826,0.7151883840560913,-0.03835001587867737,0.8754434585571289,-0.9942932724952698,1.5189028978347779,-1.2271169424057007,0.10634197294712067,0.7323980927467346,1.2589675188064576,0.22757862508296967,-0.14266714453697205,-1.3719514608383179,0.6938157081604004,-1.3888732194900513,1.6238994598388672,-0.1729368269443512,-0.9757629632949829,1.1064141988754273,1.3590924739837647,-0.20395126938819886,