{"neurons":47,"activationFunction":4,"weightsFlat":[],"biases":[0.4913177192211151,-0.3903360366821289,0.0,-0.7775781154632568,0.0,0.1981450319290161,-1.4102890491485596,1.0985863208770753,-0.8683838844299316,0.7601602077484131,0.9935109615325928,1.3612807989120484,0.6090238094329834,0.9327826499938965,-0.13480103015899659,0.49718496203422549,0.7563192844390869,-0.20926320552825929,0.7282943725585938,-0.8627047538757324,0.08861434459686279,0.8658263087272644,0.0,0.12085139751434326,1.0545594692230225,0.687340259552002,0.43707841634750368,0.0,-0.6900224685668945,-0.5444381237030029,-0.7985360622406006,-0.951593816280365,0.1972867250442505,-1.194991111755371,0.4587201774120331,-0.5485351085662842,-1.113931655883789,-0.5722157955169678,0.05253148078918457,1.2593879699707032,-0.8439320921897888,-0.6064939498901367,0.0,0.6096986532211304,-0.0353618860244751,-0.6055965423583984,0.5177249312400818],"activeNeurons":[false,false,false,false,false,false,false,false,false,false,false,false,false,false,false,false,false,false,false,false,false,false,false,false,false,false,false,false,false,false,false,false,false,false,false,false,false,false,false,false,false,false,false,false,false,false,false]}