{"neurons":26,"activationFunction":0,"weightsFlat":[],"biases":[-1.0155545473098755,-0.5087912678718567,0.13327394425868989,0.48981761932373049,1.2212001085281373,0.7443674206733704,1.7373976707458497,0.31051352620124819,0.8552700281143189,-0.9122577905654907,1.3124847412109376,-0.7511897087097168,0.3063878118991852,1.169550895690918,-0.8201528787612915,1.1815303564071656,-0.388158917427063,-0.30871349573135378,-1.5067286491394044,-0.904782772064209,-0.3372543156147003,0.5301447510719299,0.47200194001197817,0.3227427005767822,-1.1874383687973023,1.1688849925994874]}