{"neurons":16,"activationFunction":0,"weightsFlat":[1.5005706548690797,-0.11839357018470764,0.6491225957870483,-0.7521804571151733,0.2749660313129425,-0.7255434393882752,0.6566973924636841,-1.223987102508545,0.8864052891731262,1.5156158208847047,0.33254608511924746,1.2532532215118409,-0.5531724095344544,-0.7279009819030762,0.011856943368911744,1.2197084426879883,-1.4204587936401368,1.2959660291671754,-0.6772235035896301,0.7055832147598267,0.5457037687301636,-0.6589688062667847,-0.2640876770019531,-0.794844388961792,-0.41408342123031618,0.1360359489917755,-1.7084758281707764,-0.5347269773483276,-0.9631145596504211,-1.3977124691009522,-0.5300437211990356,-0.46780362725257876,1.0292054414749146,-0.21690398454666139,0.15415352582931519,0.5194075107574463,-0.831987738609314,0.4628881812095642,-0.44974425435066225,-1.4262428283691407,1.5155977010726929,1.2487859725952149,-0.0840720608830452,-0.9746335744857788,-1.1291799545288087,1.5111147165298463,-0.36850816011428835,1.009163498878479,0.8834382891654968,0.09045182168483734,0.47209957242012026,0.9966624975204468,1.1904579401016236,-1.3557449579238892,1.055524230003357,1.578721523284912,0.272982656955719,-0.6111032962799072,-1.0122491121292115,1.3483946323394776,-0.5151703357696533,-0.6620580554008484,-1.015289068222046,-1.3109242916107178,1.442929983139038,-0.778057336807251,-0.3349049687385559,1.2659893035888672,0.7869378924369812,0.09504055976867676,1.113586187362671,-0.3048216700553894,-1.2944719791412354,1.1283690929412842,-0.9429096579551697,0.0050149112939834599,1.4448299407958985,1.462651014328003,-0.46466076374053957,-1.3434224128723145,0.6475133299827576,0.5523248314857483,0.5060850381851196,1.0785415172576905,0.15685881674289704,0.37934815883636477,-0.17872780561447144,0.5808458924293518,0.6558359861373901,-0.6016944646835327,-0.000552251935005188,0.9171737432479858,1.2415612936019898,-0.274635910987854,-0.832239031791687,0.929364025592804,1.2565701007843018,1.9034465551376343,-0.742569088935852,0.5282841920852661,0.6594171524047852,-0.9906634092330933,-1.5443482398986817,0.7103252410888672,0.2945125997066498,-0.8361283540725708,0.04505191743373871,-0.41067230701446535,0.9671671986579895,-0.6344305872917175,-0.11826009303331375,0.4296644926071167,-0.39249587059020998,1.3844586610794068,0.49826890230178835,-0.1575406938791275,-1.1746901273727418,-1.08466374874115,-0.7499940991401672,-0.6925643682479858,0.07415314018726349,0.6792768239974976,1.0285724401474,0.15907418727874757,0.44468140602111819,-1.624136209487915,-0.6690516471862793,-1.4903573989868165,-1.762677550315857,-1.2431038618087769,0.585964024066925,-1.3503016233444214,-1.227786898612976,1.1781179904937745,0.5257868766784668,-0.2611798346042633,1.1750625371932984,0.2482033669948578,0.5786209106445313,0.3637520372867584,0.4235280752182007,-0.5725946426391602,0.1181788295507431,-1.3128758668899537,1.647099494934082,0.012336738407611847,-0.8156654238700867,0.8973162174224854,0.47248709201812746,0.39199167490005495,0.30830755829811098,-1.466321587562561,0.8380689024925232,0.0229656919836998,-0.7670716643333435,-0.9884886741638184,0.20071934163570405,1.120410680770874,-1.14625883102417,-0.40915149450302126,0.8385471105575562,0.7232178449630737,-1.0051820278167725,0.8183460831642151,-1.1605591773986817,0.6302883625030518,-1.229973554611206,-0.1363709717988968,-0.8779019713401794,-1.1884535551071168,0.5618886947631836,0.4588491916656494,-0.5199135541915894,-1.4059630632400513,0.3049647808074951,-0.3949933350086212,-1.6052802801132203,-0.775324821472168,1.7993990182876588,-1.1427767276763917,1.0962297916412354,0.20399993658065797,1.2574676275253297,-1.4295539855957032,0.263286828994751,0.2189626544713974,-1.1775259971618653,-0.2343897968530655,-0.2565433979034424,0.5186281204223633,0.14728015661239625,0.32996249198913576,0.5706977844238281,0.8709911108016968,0.21609188616275788,-1.3164758682250977,-1.061688780784607,1.4691452980041505,0.7813942432403565,-0.3910796046257019,0.8818950653076172,0.3274790048599243,1.451380729675293,1.2266240119934083,-1.004377841949463,-0.21543046832084657,0.30952808260917666,0.5096522569656372,0.5125431418418884,-0.1561194658279419,0.9462229609489441,0.5007860064506531,0.8954539895057678,-0.03947313502430916,0.22618412971496583,0.14352473616600038,-0.7129012942314148,0.5882627964019775,-0.8169471025466919,1.267760157585144,1.0091707706451417,-0.2743838429450989,0.8446263670921326,0.8353717923164368,1.1421502828598023,1.586807370185852,-0.46588078141212466,0.018639303743839265,-1.1698567867279053,1.1869235038757325,-0.800203800201416,0.9935508966445923,0.10474519431591034,1.1231715679168702,0.3483641743659973,-1.1089109182357789,-1.295811414718628,-1.0044927597045899,0.6138213872909546,0.08406893908977509,0.32213258743286135,-1.1693921089172364,-0.7352281808853149,1.3486686944961548,-0.33020472526550295,-0.7401381134986877,-0.027128126472234727,-0.32304829359054568,0.6140953302383423,-0.9997687339782715,1.3767015933990479,-1.1364600658416749,0.7576974630355835,-0.21279281377792359,-0.9638335108757019,-0.1239975243806839,-0.45960408449172976,-1.0099791288375855,-0.5173088312149048,0.8772488832473755,-0.05671094357967377,-0.27989065647125246,-1.4037563800811768,0.05941484123468399,-0.0879029780626297,-0.1966281533241272,1.3288426399230958,-0.810063362121582,0.19847263395786286,-1.0307796001434327,0.44228896498680117,0.12614190578460694,-0.1506529301404953,-0.4229193329811096,0.6095079183578491,1.1597979068756104,0.12420928478240967,0.8183846473693848,1.3809787034988404,0.19625869393348695,0.276010125875473,0.593189537525177,-0.5744105577468872,1.280164122581482,-0.08689051866531372,-1.262149691581726,-0.28054898977279665,0.18204933404922486,-1.3128854036331177,1.3134393692016602,0.7383764982223511,1.2814452648162842,-1.3952528238296509,-0.7064973711967468,-1.3245171308517457,-0.47150206565856936,-0.40750956535339358,0.06124887987971306,0.11869597434997559,0.04759235680103302,1.513552188873291,-1.3443896770477296,0.5694773197174072,0.9572926759719849,-0.688565731048584,0.8873743414878845,-0.8798109292984009,0.9955518245697022,0.022337082773447038,-1.508787751197815,-0.16744115948677064,-0.7909811735153198,0.7187825441360474,0.6534586548805237,-1.0841729640960694,-0.0465521514415741,0.680354654788971,-0.11945551633834839,0.4377930164337158,-0.8217949867248535,-1.1734129190444947,-1.1635030508041382,-1.1005043983459473,-1.410537838935852,0.6270110607147217,0.7779773473739624,1.4635887145996094,-0.15404227375984193,1.1146986484527588,-1.0766596794128419,-1.2035490274429322,-0.1636708676815033,0.6308832168579102,-1.2888003587722779,-0.680200457572937,-1.0472278594970704,-1.4146091938018799,1.3123233318328858,-1.6297671794891358,-0.1926974356174469,1.124289870262146,1.959012746810913,1.403784990310669,0.05176069587469101,1.413238286972046,0.9248926043510437,-1.1912825107574463,-1.5313653945922852,1.3792833089828492,-1.0072892904281617,0.7377344369888306,0.09916040301322937,0.29485782980918887,1.1990220546722413,-1.211405634880066,-1.3070058822631837,-0.2057105004787445,1.158215880393982,-0.5412299633026123,-0.7389681339263916,-1.6573998928070069,-1.198847770690918,0.9321343302726746,-1.43898344039917,-0.02046196162700653,-0.2916615605354309,1.2368402481079102,1.2963898181915284,1.3471770286560059,1.556322455406189,1.4007703065872193,-0.1330200731754303,-0.22221362590789796,0.34741437435150149,-0.8218799829483032,-1.9916162490844727,1.3048248291015626,0.3563547432422638,0.07906781136989594,0.09898294508457184,-0.3849092125892639,0.0051248520612716679,0.45036470890045168,-0.7956182956695557,-0.9376968741416931,-1.3600292205810547,-1.0300383567810059,-0.764340877532959,-1.4230930805206299,1.0720137357711793,0.30296412110328677,1.3051323890686036,-0.5960597991943359,-0.04053765535354614,0.917554497718811,0.14042018353939057,1.2757190465927125,-0.3836050033569336,-0.6634089350700378,-0.0706435814499855,-0.3216533958911896,-0.18688073754310609,1.3395085334777833,-1.182339072227478,-1.150748372077942,0.7080323100090027,