{"neurons":16,"activationFunction":0,"weightsFlat":[0.3991062045097351,2.2940714359283449,-0.22328248620033265,0.6103276014328003,1.0399773120880128,1.0162030458450318,-0.7790597081184387,1.6273669004440308,-0.02329663187265396,0.7764517068862915,-1.115702509880066,0.4935728907585144,-1.105977177619934,0.41304290294647219,1.0230063199996949,-2.842785596847534,-1.1498327255249024,0.6755689978599548,-1.215169072151184,-2.887066602706909,-0.0591428205370903,2.22525691986084,0.5690838694572449,0.49910277128219607,0.13251878321170808,0.7772949934005737,-1.593489408493042,0.8876290917396545,1.2174321413040162,-2.0627670288085939,1.6100618839263917,-3.7358500957489015,-1.253974437713623,-0.05031082034111023,1.3241469860076905,-2.259788990020752,0.26033902168273928,1.5518739223480225,0.34651798009872439,-0.9561846852302551,-1.1856367588043213,-0.9433014392852783,0.13564525544643403,-0.3447175621986389,0.005251079797744751,0.9823188185691834,0.057930104434490207,-0.45246100425720217,-0.9736008048057556,-0.9733260273933411,-0.4064670503139496,-0.792438268661499,-1.6828137636184693,-0.27019551396369936,0.27988141775131228,-1.0489333868026734,-0.18872882425785066,1.0522587299346924,0.9675911664962769,0.6639257073402405,2.524991512298584,1.5688971281051636,0.7004350423812866,1.6468092203140259,0.8608688712120056,-0.379404217004776,-0.25800544023513796,-0.567365288734436,-1.3483983278274537,2.1115450859069826,-0.8179466724395752,-1.857818603515625,1.0595526695251465,-0.8528533577919006,2.2513885498046877,0.6928151249885559,0.607537031173706,-0.026254884898662568,-0.13277530670166017,-1.4699572324752808,-0.5440925359725952,-0.3602582812309265,0.26536208391189577,0.689228355884552,-0.6365549564361572,-0.6678749322891235,-0.2829211950302124,1.7357935905456544,-2.615473747253418,-0.6910027265548706,-0.8554182648658752,0.31663206219673159,0.785049557685852,-1.9077636003494263,0.1534615457057953,1.0043083429336548,1.9185826778411866,2.118149518966675,0.20117801427841187,-1.7021727561950684,-0.5482192039489746,-0.4004138112068176,0.13664279878139497,-0.02982630580663681,-0.9580726027488709,0.3823053538799286,0.7552224397659302,1.2371124029159547,-1.074611783027649,-0.7234879732131958,1.641497015953064,-1.0980325937271119,-1.7921876907348633,1.4172978401184083,-0.8320220708847046,0.429474413394928,0.5977193117141724,0.04260113090276718,0.8309205174446106,0.8443883061408997,1.4329801797866822,-0.17173147201538087,1.98129141330719,1.3443667888641358,-0.40533697605133059,1.4683674573898316,-2.3376426696777345,0.0237143412232399,1.5799920558929444,-1.9678324460983277,-2.0662343502044679,-1.4234269857406617,-1.524081826210022,0.4767913520336151,-0.8236876726150513,0.1305266171693802,-1.7214818000793458,1.4512289762496949,1.1860979795455933,1.0954718589782715,0.9068964719772339,-2.724970579147339,0.2655433416366577,0.6945331692695618,1.3976094722747803,-1.0807209014892579,-0.33105432987213137,-0.4287819266319275,-1.2992523908615113,-0.3885098695755005,1.4537630081176758,-0.8949031233787537,-0.9079278707504273,-0.728259265422821,-1.1878163814544678,1.5855292081832886,-0.3292633891105652,-1.600579857826233,1.857344627380371,1.0488392114639283,-0.07188781350851059,-0.08851884305477143,-1.229835033416748,-1.1681363582611085,1.4815826416015626,1.4439979791641236,-1.0184024572372437,0.09483141452074051,0.2928166687488556,1.383690595626831,-0.7271771430969238,-0.26553457975387576,-1.4131689071655274,0.7535144090652466,2.52099347114563,1.3111878633499146,0.014216139912605286,-0.08018248528242111,0.846927285194397,0.12676078081130982,-0.5864382386207581,-0.6405686140060425,1.8188443183898926,-0.1170690506696701,-0.29673027992248537,0.6491206884384155,0.117155522108078,-1.9195866584777833,-1.1347830295562745,-1.2869648933410645,-1.2183371782302857,-0.04801563173532486,-1.4987952709197999,-1.2585357427597047,-1.300018072128296,0.529492199420929,1.6389604806900025,-0.058831892907619479,-1.6465646028518677,0.9001806974411011,0.8932140469551086,-0.2671031653881073,0.03941629081964493,-1.2343497276306153,-1.1715545654296876,-0.11458735167980194,-1.604036808013916,-0.7259804010391235,1.7894150018692017,0.8853272795677185,0.3446526527404785,-2.2640597820281984,0.7259306907653809,-1.6747338771820069,-1.8883696794509888,-1.0164142847061158,0.531779408454895,-1.4713572263717652,0.7177353501319885,0.12406422197818756,1.525256633758545,1.8932514190673829,0.3175583481788635,-0.5291908979415894,0.8062664270401001,-1.6922507286071778,1.5765399932861329,2.0137391090393068,0.7293763160705566,-1.0996136665344239,-2.136861562728882,0.3609732389450073,-0.3863493800163269,2.9998526573181154,-0.4138156771659851,-0.033403679728507999,1.8514641523361207,-1.7301982641220093,2.055441379547119,0.6666568517684937,-1.067697525024414,-0.6134772300720215,0.03307560086250305,0.5513875484466553,-0.5069894790649414,1.8379476070404053,1.4499446153640748,-1.3846060037612916,0.601387083530426,0.5171989798545837,0.10132595151662827,1.8928041458129883,1.0049313306808472,0.7110404372215271,0.18308334052562715,-0.33663061261177065,-0.920310914516449,-0.5503341555595398,1.041007161140442,0.14647749066352845,-0.1811930239200592,1.498085379600525,-0.38720446825027468,-0.32694244384765627,-0.3673413395881653,-2.946847677230835,-0.3110411465167999,0.7991662621498108,-0.603904664516449,2.334160804748535,0.857121467590332,0.3248191177845001,-0.16422487795352937,-0.08523355424404144,1.1170684099197388,0.28684496879577639,1.455101728439331,-1.7631008625030518,0.8768435716629028,-0.8350043892860413,-0.7833789587020874,-0.5883401036262512,0.7592298984527588,0.3254368305206299,0.3850252330303192,-0.05281361937522888,2.614649772644043,-1.058416724205017,-0.10314339399337769,-1.5129896402359009,-0.9582049250602722,-1.3007858991622925,0.9734076261520386,0.5830767750740051,0.41573286056518557,0.2045377790927887,-0.6802664995193481,-0.029416322708129884,-1.726061224937439,1.948481559753418,-0.5242332220077515,-0.5059331655502319,-0.4699721932411194,0.4557521939277649,-0.05040706694126129,0.45647746324539187,-0.31970053911209109,0.6356052160263062,-0.9513223767280579,-0.6570070385932922,-0.034301936626434329,0.3377458453178406,-0.7716889977455139,0.6549744606018066,0.535094141960144,2.096813440322876,-0.5692208409309387,-1.0225706100463868,0.8910527229309082,1.1486910581588746,-0.8744951486587524,1.2616552114486695,0.3655920624732971,-1.5235610008239747,0.31575149297714236,-0.03431496024131775,-1.4505298137664796,0.8107298016548157,0.8200250864028931,2.4009363651275636,-0.12595506012439729,-1.408221960067749,2.3544743061065676,0.8326978087425232,0.9507156610488892,0.7722811698913574,1.6792110204696656,-0.2280891090631485,0.5879603624343872,0.7340080142021179,-0.6140169501304627,-0.5991058349609375,0.17043890058994294,-1.0962125062942505,-0.6197730302810669,-0.510502815246582,0.20854409039020539,-0.13576172292232514,1.2845216989517213,-1.0105866193771363,0.1292797327041626,0.06988108158111572,-2.709503173828125,0.5442160367965698,1.021632432937622,-0.9043923616409302,2.4936447143554689,0.1193474680185318,-1.2916141748428345,2.3008761405944826,-0.16964313387870789,0.29975587129592898,0.0012966394424438477,-0.4753618836402893,0.8538215160369873,-1.5584651231765748,1.3747118711471558,-1.1768770217895508,0.9572381377220154,1.1593033075332642,1.4629703760147095,0.1307007372379303,0.7324186563491821,0.2261633723974228,-1.4937423467636109,-0.9671175479888916,-0.31593191623687746,-2.0678343772888185,-0.39291614294052126,2.600576877593994,-0.2741103768348694,0.45753028988838198,-0.21345095336437226,0.7954000234603882,-0.9976587891578674,1.9805030822753907,0.9163381457328796,0.4814381003379822,-1.0396801233291627,1.9828704595565797,-0.5789240598678589,-1.0361250638961793,0.6549701690673828,0.931505024433136,0.07964123785495758,0.6908551454544067,0.3037711977958679,0.4878805875778198,-1.472021222114563,-0.297063946723938,-0.32671794295310976,0.5867292284965515,1.0287187099456788,0.5828060507774353,-1.0606293678283692,1.4789519309997559,0.6352524757385254,