{"neurons":11,"activationFunction":0,"weightsFlat":[],"biases":[-0.35037150979042055,-1.2508022785186768,-0.44780653715133669,0.03022386133670807,-0.33021748065948489,0.22066569328308106,-1.033663034439087,0.6355792284011841,1.2968660593032838,-0.9525957703590393,0.7914118766784668]}