{"neurons":24,"activationFunction":4,"weightsFlat":[],"biases":[-0.564341127872467,-1.3260458707809449,0.8605871796607971,-1.149093508720398,1.1276350021362305,0.045385658740997317,1.7345268726348878,-0.5338290333747864,-0.3590352237224579,1.351590871810913,1.3478652238845826,1.2594964504241944,-0.6317054033279419,-1.2197586297988892,-0.5811459422111511,-1.3901606798171998,0.7280981540679932,0.7217539548873901,0.048697616904973987,-2.023865222930908,-0.5044145584106445,0.31743568181991579,-0.8183414936065674,-1.165413737297058]}