{"neurons":16,"activationFunction":1,"weightsFlat":[0.3647468388080597,0.4002387821674347,0.41115573048591616,-0.4059888422489166,0.36879366636276247,0.4241131544113159,0.8656888008117676,-1.065300464630127,0.72984778881073,-0.44555947184562685,0.314713716506958,1.0000468492507935,-0.28164878487586977,0.15647625923156739,-0.33370551466941836,0.47760817408561709,0.25842899084091189,0.6684706807136536,0.5379387140274048,0.0735124722123146,0.2971251308917999,-0.30264806747436526,-0.1510399580001831,-0.5806375741958618,-0.41452303528785708,-0.09366144984960556,0.37214258313179018,0.007691368460655212,-0.5618094801902771,-0.23888155817985536,0.8807976245880127,-0.6245225071907044,-0.6203793287277222,0.36076751351356509,0.5607743859291077,0.8408085107803345,0.15600663423538209,-0.14108619093894959,-0.9138209223747253,-0.4464486241340637,-0.7124879360198975,-0.5891352295875549,0.5384770035743713,1.0355020761489869,-0.7265516519546509,-0.6930530667304993,0.8323754668235779,0.6320727467536926,0.5849781632423401,-0.41927850246429446,-0.9698299765586853,0.5691570043563843,0.15487250685691834,-0.9489177465438843,0.6076971292495728,-0.6371837854385376,-0.06961429119110108,0.2319202721118927,-0.4580882787704468,-0.019308194518089296,1.1679317951202393,-0.04423408955335617,-0.7330597639083862,-0.0636189728975296,-0.05783648043870926,0.5436805486679077,0.36602145433425906,-0.47165119647979739,-0.5990090370178223,-0.09273717552423477,1.2767747640609742,-0.16159310936927796,0.9038276672363281,-0.3675023019313812,0.40712082386016848,1.0116114616394044,-0.139476478099823,-0.28852617740631106,-0.4715800881385803,-0.7527552843093872,0.39235055446624758,0.5771641135215759,-0.2557840943336487,-0.6348695158958435,-0.9021150469779968,-0.013116594403982163,-0.894619882106781,1.0133309364318848,0.30324622988700869,0.8006595373153687,-0.7578979730606079,0.9150551557540894,0.5998331308364868,-0.5677728056907654,0.4382922947406769,0.6775449514389038,-0.37323829531669619,0.5811572670936585,0.3230857253074646,0.5576144456863403,0.2410694807767868,0.10592338442802429,1.1570253372192383,-0.656388521194458,-0.2504895329475403,0.3341655731201172,-0.37507569789886477,0.20304036140441895,-0.14565755426883698,-0.33809149265289309,-0.6528574824333191,0.6137585043907166,-0.24896031618118287,0.5942114591598511,-0.7666545510292053,-0.7320992350578308,-1.1307144165039063,-0.8918775916099548,0.3476645052433014,-0.14455267786979676,-0.21152740716934205,-0.7214301228523254,-0.3357478082180023,-0.2569652795791626,0.06361763179302216,-0.8726876378059387,-0.4788617193698883,-0.7675426602363586,-0.6233558654785156,0.6939178705215454,-0.06710214912891388,0.31253305077552798,0.7824496030807495,0.5817815661430359,0.25182557106018069,-0.7996208071708679,0.7540977597236633,0.7356840968132019,-0.22181478142738343,-0.5670552253723145,-0.29758819937705996,-0.3060194253921509,0.5332439541816711,-0.29677852988243105,0.19223809242248536,-0.12418356537818909,0.2635306715965271,0.3165628910064697,-0.8523246049880981,0.09991661459207535,0.6250774264335632,-0.5408443212509155,-1.0701706409454346,0.22501122951507569,-0.7194916605949402,-0.6259326934814453,-0.6925196051597595,-0.2216585874557495,-0.0600946769118309,-0.4715743958950043,0.1017625629901886,0.3613864779472351,-0.5569415092468262,-0.4243035316467285,0.6339617967605591,0.0011372193694114686,-0.931002676486969,-0.34959545731544497,-0.9448058605194092,-0.39735662937164309,-0.2163246124982834,1.100209355354309,-0.04555869847536087,0.8759793043136597,-0.6770314574241638,-0.5984304547309876,-0.3334187865257263,-0.6694958806037903,0.11741700023412705,0.024228103458881379,-0.6143352389335632,1.0191692113876343,0.7316839694976807,0.4382574260234833,0.2982994318008423,0.04378562048077583,1.4315093755722047,-0.9265499114990234,-0.3176383078098297,-0.901624321937561,0.3821718394756317,0.22585022449493409,0.9520791172981262,-0.4901154637336731,0.33061257004737856,-0.9383947849273682,-0.7708159685134888,0.37730076909065249,-1.179152250289917,-0.30272752046585085,-0.10625069588422775,-0.06776616722345352,0.39046934247016909,0.6791839003562927,-0.7984970808029175,-0.370231568813324,-0.06677074730396271,0.33787214756011965,-0.6124182343482971,-0.5125241875648499,-0.7782976627349854,0.08508089929819107,-0.2859329581260681,0.5657798051834106,0.9368203282356262,-0.98222815990448,-0.5229417085647583,-0.33008065819740298,0.3360828161239624,0.561168909072876,0.8166882395744324,-0.2593260407447815,0.43733373284339907,0.3368883728981018,0.560491144657135,0.13425421714782716,-0.9869651198387146,-0.20549148321151734,-0.45999476313591006,-0.9157101511955261,0.6143361330032349,0.20383086800575257,-0.6410439014434815,-0.7210349440574646,0.6674463748931885,0.605800211429596,0.32132744789123537,0.4254734516143799,0.7750999927520752,-0.3576226532459259,-0.6718358397483826,-1.0059493780136109,0.17173762619495393,0.20957617461681367,-0.13715940713882447,0.5166853070259094,0.35755449533462527,-0.17372500896453858,-0.8816516995429993,0.7116979360580444,0.5157620310783386,-0.6403315663337708,-0.9148712754249573,0.09812060743570328,0.038084499537944797,-0.4886176884174347,1.0646392107009888,0.3582354784011841,0.6383862495422363,0.278455913066864,0.8251588940620422,-0.3424210548400879,0.09409099817276001,0.8276439309120178,-0.3830317556858063,0.18006309866905213,-0.9423626065254211,0.9831255078315735,-0.7420742511749268,-0.7750039100646973,-0.3796825706958771,-0.6643468737602234,-0.04780302569270134,0.43149393796920779,-0.5996367335319519,1.0625088214874268,-0.09604405611753464,-0.32275280356407168,-0.5601582527160645,0.23103004693984986,0.46769511699676516,-0.746485710144043,-0.3111254572868347,-0.32788074016571047,-0.6821910738945007,0.0961914137005806,1.091414213180542,1.00267493724823,-0.38642528653144839,-0.11986950039863587,-0.628477931022644,1.402227520942688,0.8998274207115173,-0.3516233563423157,1.0159183740615845,0.7800871133804321,-1.3097198009490967,-0.8889769315719605,-0.8376862406730652,-0.21857699751853944,0.4664607048034668,1.4397588968276978,-0.06962009519338608,0.03674348443746567,-0.36592620611190798,0.5621450543403626,-0.09860461205244065,-0.21897417306900025,0.2372870147228241,-0.8068438768386841,1.0814296007156373,-0.12243440002202988,-0.6096005439758301,-1.3751834630966187,0.3763987123966217,-0.517859935760498,-0.5391362309455872,-0.6201277375221252,-0.08959966152906418,-0.2120041847229004,0.4747534990310669,-0.34977221488952639,0.8627558946609497,0.3192043900489807,-0.5868375301361084,-0.25204765796661379,0.28676989674568179,-0.8969824314117432,0.4955296218395233,0.8837617039680481,0.6085981726646423,-0.7364830374717712,0.20259873569011689,0.6805832982063294,0.6077514886856079,0.34525060653686526,0.20320400595664979,0.6783765554428101,-0.6473172903060913,1.090850591659546,1.1400130987167359,0.2523454427719116,0.654013454914093,0.37842658162117007,-0.9869729280471802,-0.02702871710062027,-0.39640557765960696,-0.31295818090438845,0.25392788648605349,-0.5831031799316406,0.24549302458763123,0.7372097373008728,-0.6968693137168884,0.7948676943778992,-0.7337062954902649,0.6519109010696411,0.920133650302887,0.9650338888168335,-0.6083078384399414,-0.27761656045913699,0.9081464409828186,0.5700031518936157,0.6623823642730713,0.3468874990940094,-0.25505340099334719,0.7358570694923401,-0.18625794351100923,-0.3109293580055237,-0.5776050686836243,-0.304110050201416,-0.727381706237793,1.1036806106567383,0.5843311548233032,0.4205719828605652,0.13199958205223084,-0.48447680473327639,0.28860360383987429,0.24460038542747498,0.2544359564781189,0.9096493721008301,-0.4490734338760376,0.6579200029373169,-0.6293438076972961,0.6682761907577515,-0.15474313497543336,-0.9335212707519531,0.5212351083755493,-1.3371113538742066,0.3563169538974762,-0.03978966921567917,-0.6200183033943176,0.1603708267211914,-0.14455240964889527,-0.9226617813110352,-0.09333741664886475,-0.7290317416191101,-0.7292095422744751,-0.6788283586502075,0.16521409153938294,-0.4700225293636322,-0.19339054822921754,