{"neurons":16,"activationFunction":1,"weightsFlat":[-1.9042936563491822,-0.20702052116394044,-1.1474461555480958,0.4842536151409149,-0.7994085550308228,0.7711130380630493,0.16281460225582124,0.1447364091873169,0.8055576086044312,0.4756927490234375,-0.5975921154022217,1.0383714437484742,0.7022306323051453,-1.3027139902114869,-0.137816920876503,-0.836756706237793,1.277428388595581,-0.01960858702659607,-1.0951570272445679,0.8447446227073669,-0.4560358226299286,-0.5284672975540161,-0.0032089315354824068,-1.2409700155258179,0.5407990217208862,-0.7167474031448364,-0.6687959432601929,-1.7985882759094239,0.4648841917514801,-0.6282699704170227,-0.6500462293624878,0.2350078821182251,0.004372458904981613,0.5811585783958435,0.9156625270843506,-0.12316466867923737,0.5240709185600281,-0.24344563484191895,0.9102710485458374,0.32465222477912905,0.6986178755760193,-1.429887056350708,0.33262407779693606,1.530720829963684,-0.2107316106557846,0.3468809723854065,0.5036239624023438,-0.7354382276535034,-2.3511807918548586,0.18548822402954102,0.9454007744789124,-0.1939069777727127,0.8631830215454102,-0.17167778313159944,0.5390301942825317,-0.8559058308601379,-0.7510331273078919,1.6454758644104005,-1.4887701272964478,0.9104915261268616,-0.47537070512771609,-1.617865800857544,-1.4243626594543458,-0.37766900658607485,-0.6726787090301514,-0.536370575428009,1.3097200393676758,1.198221206665039,1.1685222387313843,-0.4222027063369751,0.9267556667327881,1.0660252571105958,0.47014120221138,-1.053351879119873,0.7605963945388794,1.7319071292877198,-1.2648440599441529,0.2296150177717209,-1.7526603937149048,0.2660680115222931,1.4464247226715088,-1.409801721572876,1.0112338066101075,1.7936077117919922,-0.4462866485118866,-0.30161988735198977,0.7924593091011047,-0.28097960352897646,-0.5418856739997864,0.8897402882575989,0.15639883279800416,1.2285757064819337,1.3161753416061402,0.5857227444648743,1.2619311809539796,-0.29053229093551638,-1.7887660264968873,-1.3198436498641968,-0.6658141016960144,-1.532447099685669,0.3130168914794922,-2.169776678085327,0.8385493755340576,1.468599557876587,-1.6271642446517945,0.9176746606826782,1.4027663469314576,0.7881069183349609,0.41347259283065798,-0.3189507722854614,-1.7380682229995728,-0.20148131251335145,-0.588449239730835,1.9537334442138672,-0.6348139047622681,-1.0689719915390015,-0.8984778523445129,1.8048304319381714,-1.7528072595596314,-0.5709609985351563,2.1471827030181886,0.0011831782758235932,0.34946686029434206,-1.9174796342849732,-0.010399002581834793,0.5253601670265198,0.1917942315340042,-0.7461968660354614,0.8211300373077393,-0.399025559425354,0.9478413462638855,1.450110673904419,-0.6859473586082459,-0.9443756341934204,0.4117163121700287,-1.1735403537750245,1.2216140031814576,1.1531041860580445,1.4152247905731202,-0.8733832240104675,-0.7278491854667664,-0.704754650592804,-0.6799256801605225,-1.0151492357254029,-0.21614958345890046,0.6485840082168579,-0.9132472276687622,-0.44722703099250796,-1.0864659547805787,-0.8037378191947937,-0.9552434086799622,-1.2493541240692139,-0.8618847727775574,0.022066086530685426,-1.4568169116973878,-1.9431949853897095,-0.38047313690185549,1.4239321947097779,-0.9802488684654236,-1.2062371969223023,-0.625461220741272,1.385096549987793,0.7647585272789002,0.48313024640083315,0.9464753866195679,-0.8409706354141235,-0.21580199897289277,1.4769366979599,0.08645018935203552,-0.6507549285888672,-0.67000812292099,-2.1970407962799074,-1.3071602582931519,-0.8449413180351257,0.9492608308792114,-0.19477835297584535,1.5328140258789063,0.5773056745529175,-2.0243003368377687,-1.3262556791305543,1.7387440204620362,-1.325293779373169,0.12186010926961899,-0.6050237417221069,0.707740306854248,1.1490150690078736,1.7629945278167725,1.3122293949127198,-1.0857949256896973,1.1306002140045167,0.2331828474998474,-1.0826389789581299,-1.05158531665802,-0.8040774464607239,-0.20544758439064027,-0.4171072244644165,0.29088425636291506,0.8065200448036194,-1.7968783378601075,0.6940429210662842,-1.2537803649902344,0.6566054224967957,0.09575775265693665,0.8002837300300598,1.0053044557571412,1.629089593887329,1.386120080947876,-0.577580988407135,-0.8066405653953552,1.0788071155548096,-0.6869837641716003,0.9913153052330017,0.03440045937895775,0.9706782102584839,-1.1568727493286133,-0.15102238953113557,-1.276674509048462,0.9699019193649292,0.2377975434064865,0.04029662162065506,2.15407657623291,0.3482939600944519,-0.7587277889251709,-0.29671740531921389,0.042535796761512759,0.025590181350708009,-0.7026553153991699,0.5654179453849793,0.23541954159736634,0.4072950780391693,1.2250125408172608,-1.2220216989517213,-1.6087831258773804,0.8593723773956299,-0.7518519163131714,0.5084613561630249,-1.2197262048721314,-0.759123682975769,0.8705700635910034,-3.119133472442627,1.3678996562957764,1.4891085624694825,-0.8459065556526184,0.9251493811607361,-1.3414249420166016,0.49360227584838869,-0.3814835250377655,1.606306791305542,2.1446666717529299,2.461914539337158,-0.9475919604301453,-0.32517242431640627,-0.8156827688217163,-1.213746428489685,-0.7125964760780335,0.9448198080062866,0.08311061561107636,1.065368890762329,-0.43453651666641238,0.5572913885116577,0.05008644610643387,-1.7450535297393799,1.3451793193817139,1.2831614017486573,0.873186469078064,-1.4383025169372559,-0.5200570821762085,-1.6273081302642823,-1.3165996074676514,0.8893741965293884,1.2074111700057984,-0.39941853284835818,0.39875170588493349,1.5187227725982667,1.52994704246521,1.238327980041504,-1.3492395877838135,0.823466420173645,-0.9381561875343323,1.479475736618042,-0.972995400428772,1.1710398197174073,0.3598554730415344,-1.1230616569519044,1.0992417335510255,-0.5537068843841553,-1.490553855895996,-0.3584945797920227,0.8047723770141602,-0.7741761803627014,1.6849169731140137,-0.4965924024581909,-1.2680785655975342,0.7762191295623779,1.1586506366729737,0.9156355261802673,1.9898451566696168,-0.32306814193725588,-0.958609402179718,1.769188642501831,1.5898809432983399,-0.872061014175415,0.06212795153260231,1.587964653968811,-0.2739922106266022,-0.0056717246770858768,0.14410583674907685,-1.059800624847412,1.0367027521133423,-0.8367862701416016,0.284637987613678,-0.7008302211761475,-0.925048291683197,0.3528403043746948,-1.415300726890564,-1.2802428007125855,0.18101337552070619,0.5052918195724487,0.37094026803970339,0.9121773838996887,-0.0681704580783844,1.1529960632324219,-0.562830924987793,0.09545901417732239,-0.210537850856781,-0.6449764966964722,-0.06755007058382034,-0.2869691848754883,-0.041534423828125,-0.6532574892044067,2.647472620010376,-1.0721570253372193,-0.7983446717262268,0.17688697576522828,1.1729732751846314,-0.8011686205863953,-1.0224964618682862,0.654867947101593,-0.8390650749206543,-0.9380066394805908,0.2607552409172058,-0.3695092499256134,-1.1983193159103394,0.2390764206647873,1.1271618604660035,0.7969478964805603,0.9357588887214661,-1.3172041177749634,1.453650951385498,-0.1697266846895218,-0.40635162591934206,-0.4168281853199005,0.6178451776504517,-2.053995370864868,1.6882894039154053,-0.8499192595481873,0.7595134973526001,0.1883561760187149,-0.4438461363315582,2.1467714309692385,-1.5175408124923707,-0.8387210369110107,0.7769961953163147,-1.0117254257202149,0.5930572152137756,1.3060842752456666,0.39755475521087649,1.2133482694625855,-0.8028273582458496,1.4140719175338746,-1.5247752666473389,-0.1624743789434433,-0.6003801822662354,0.6937474012374878,2.4749979972839357,-0.15767863392829896,-0.20015543699264527,-0.5666824579238892,1.6147264242172242,-1.2001333236694337,-0.5003697872161865,-0.8821212649345398,-0.66531902551651,-0.18016399443149568,-1.034285545349121,0.2487032413482666,-0.7152507305145264,0.232488751411438,-0.444713294506073,-2.0023326873779299,0.04669397696852684,-0.29397398233413699,-0.8034982681274414,-0.7828439474105835,-0.44871655106544497,-1.3724887371063233,-0.2858671247959137,-0.729180097579956,-0.6981574296951294,-0.6401805877685547,-0.605253279209137,0.25173431634902956,-0.043728746473789218,-0.6850118041038513,0.9003288149833679,-0.20440992712974549,