{"neurons":32,"activationFunction":1,"weightsFlat":[0.6031069159507752,0.8764513731002808,-1.650086522102356,-0.6389224529266357,-1.8411014080047608,0.7367615103721619,0.02123115584254265,-2.0139007568359377,-0.3168945014476776,2.17691707611084,0.6873998045921326,0.17512989044189454,0.15840020775794984,0.7377383708953857,1.2302708625793458,0.22915451228618623,2.4322779178619386,-1.2555965185165406,0.9264910817146301,-1.7202893495559693,-1.8858704566955567,-1.1893398761749268,0.35846227407455447,1.2859182357788087,-2.1477696895599367,0.24762669205665589,-1.1140735149383546,-1.1207460165023804,-0.7456938028335571,1.2335257530212403,0.9859644174575806,1.659104585647583,1.1642826795578004,-1.3873755931854249,0.13880740106105805,0.21364709734916688,0.8129636645317078,-0.4011888802051544,0.3327982425689697,0.07999073714017868,0.6144986152648926,-0.860464870929718,0.3202277421951294,0.20424020290374757,-1.4054358005523682,0.6561638712882996,-1.2124322652816773,0.17529143393039704,-0.7095504999160767,1.0916368961334229,0.5723697543144226,1.7972673177719117,-1.1757920980453492,0.6552848815917969,-0.3579237461090088,0.9462835192680359,-0.7421820163726807,0.576644241809845,-0.9709095358848572,0.2685617506504059,0.1951926350593567,0.07679851353168488,1.3262771368026734,-0.04346373677253723,1.8475910425186158,1.151136875152588,1.8916186094284058,1.3106015920639039,0.44739222526550295,0.572545051574707,1.7771892547607422,-1.3004354238510132,0.06261076778173447,0.4979701042175293,0.45993518829345705,1.5632036924362183,0.6631340980529785,1.297569751739502,-1.4731141328811646,0.5672614574432373,-0.7827486395835877,-0.605837881565094,-0.5139954686164856,1.2905181646347047,0.29166632890701296,-1.383777379989624,-1.910676121711731,0.25442829728126528,-0.3765089511871338,-2.5445964336395265,1.201228141784668,-0.9542490243911743,-0.44608792662620547,1.1128156185150147,0.3038761615753174,0.17392978072166444,-0.05101590231060982,-1.068627953529358,-0.8296371698379517,0.2901279628276825,-0.5697065591812134,-0.24304348230361939,-0.17037537693977357,-0.11534314602613449,1.660306453704834,1.4101417064666749,1.1191056966781617,-1.431215763092041,1.4413408041000367,1.2368359565734864,1.5422114133834839,-0.4107581377029419,-1.6739046573638917,-0.6374136805534363,-0.6356068253517151,-0.4502451419830322,-0.6597692966461182,-0.2961912751197815,0.23372846841812135,-1.8992005586624146,1.4909361600875855,0.7747522592544556,-1.1283682584762574,1.569485068321228,-1.301374912261963,-1.634769320487976,-1.616059422492981,2.081867218017578,0.010912880301475525,-1.4398869276046754,-0.5996192693710327,1.4723554849624634,0.15388977527618409,-2.3814854621887209,1.0290656089782715,-1.0996780395507813,1.405118465423584,-1.8525992631912232,-0.45223504304885867,0.7947635054588318,0.2968655526638031,0.6279854774475098,-0.14190848171710969,-1.4774048328399659,0.4275476932525635,-0.882720947265625,1.6995420455932618,-0.4686508774757385,-0.2752073109149933,0.7953013181686401,0.046319253742694858,-0.013978980481624604,1.8375506401062012,0.26058411598205569,1.9786959886550904,-1.1999543905258179,-0.5205896496772766,-0.8143833875656128,-0.4207216501235962,0.7932137250900269,-1.6094297170639039,-1.7181943655014039,1.2205467224121094,1.734505534172058,-0.3439480662345886,0.3243826627731323,0.7306129336357117,-0.7204007506370544,0.21772800385951997,0.5632393956184387,1.0205161571502686,0.561536431312561,0.7304306030273438,0.6344209313392639,1.945703387260437,-0.3814372718334198,-0.5679760575294495,-1.6916054487228394,0.9048318266868591,1.4966498613357545,0.24272537231445313,-1.1721934080123902,0.49252742528915408,-0.3286009132862091,1.4290783405303956,1.6668107509613038,1.383228063583374,-0.40281519293785097,0.973834753036499,-1.2322901487350464,0.6489067673683167,-0.4536251723766327,-1.5316789150238038,0.16048623621463777,-0.8750923275947571,1.1062506437301636,1.755289912223816,-0.266649067401886,1.8057852983474732,-0.864497721195221,-0.8550659418106079,-0.5218108296394348,-1.3415664434432984,-1.2312206029891968,1.3248791694641114,0.8125545978546143,-0.9422593116760254,1.620871901512146,1.1282793283462525,1.4234296083450318,0.5618628859519959,-0.3759780824184418,1.529613971710205,-0.3920612633228302,0.17827612161636353,1.4307297468185425,-0.6659872531890869,-0.705529510974884,-0.3316231966018677,1.3993865251541138,0.5646544098854065,0.0034214891493320467,-1.8376582860946656,0.4885275065898895,0.3420972526073456,-1.1179386377334595,0.8193099498748779,0.7100446820259094,1.5924257040023804,-1.3909114599227906,0.5186944007873535,0.07065515965223313,0.7704516649246216,-1.7495594024658204,0.45576831698417666,1.4224598407745362,0.430853009223938,1.4866522550582886,1.546241283416748,-1.3732194900512696,1.9886283874511719,0.8799657821655273,-1.3158482313156129,1.0306956768035889,1.505468487739563,0.809251606464386,-0.24555794894695283,0.17015030980110169,1.3948400020599366,0.10078159719705582,-0.05968461185693741,-0.11310895532369614,-0.19848327338695527,-0.721132218837738,2.260812997817993,0.34026893973350527,-2.0171244144439699,1.5813264846801758,0.9961321353912354,0.27524545788764956,0.5538185238838196,0.4850883483886719,1.748754858970642,1.7630503177642823,-1.36664879322052,-0.10197165608406067,-1.3963795900344849,0.8764769434928894,1.302337646484375,-0.5483821630477905,0.23391741514205934,2.1302614212036135,0.3089325428009033,0.8794300556182861,0.21121904253959657,0.5738700032234192,-1.6160759925842286,-1.825317144393921,1.828065276145935,-0.6796212196350098,-1.3433613777160645,1.6659146547317505,1.0716923475265504,-0.7608595490455627,-0.19770553708076478,1.54682195186615,0.8780956268310547,-0.607477068901062,-0.46270155906677248,-0.381930410861969,-0.8139210939407349,-1.3780237436294556,-0.28303515911102297,-1.2698332071304322,2.1335697174072267,0.7108211517333984,0.13055279850959779,-0.877045214176178,0.9738736152648926,-0.486714243888855,-0.28537842631340029,-1.2387466430664063,-1.0131518840789796,-0.6330684423446655,-1.1933742761611939,-0.7496902942657471,1.2447587251663209,-1.5385068655014039,-0.21649155020713807,0.9930233955383301,0.8993006348609924,-0.4196898341178894,-0.3270528316497803,-0.14380818605422975,-0.1581133008003235,0.8374398350715637,0.04757846146821976,0.21554920077323914,-1.660805106163025,0.2857336699962616,0.2959800958633423,1.4442933797836304,-0.7899596691131592,-2.717154026031494,-2.4236888885498049,-0.8875371813774109,0.7978683710098267,-0.5281835198402405,-1.7126888036727906,0.13633403182029725,0.3070399761199951,1.5325576066970826,-1.0336188077926636,-0.6239534616470337,0.4807400703430176,1.2057358026504517,-0.9930656552314758,-1.4482448101043702,-0.32793140411376955,0.3147209584712982,0.7121797204017639,-1.7100661993026734,-1.7059184312820435,0.8527960777282715,0.5469693541526794,1.6131491661071778,1.4942333698272706,0.4915144741535187,2.0022950172424318,0.36207717657089236,-0.6922816634178162,0.6267412304878235,-2.0199472904205324,-1.8301365375518799,1.5828937292099,-0.15902170538902284,-0.7482991814613342,-0.5314953327178955,0.13497474789619447,-1.5835012197494507,-0.18436631560325623,2.0779480934143068,-0.6781963109970093,1.398963451385498,1.3810665607452393,-0.08490505814552307,1.7932254076004029,-2.1836044788360597,1.5330407619476319,2.219947576522827,0.5158055424690247,-0.8991400599479675,-0.8641669154167175,-0.7003503441810608,-0.8838375210762024,0.9351361393928528,-1.2667553424835206,-1.089025855064392,1.0997438430786133,0.3223026692867279,0.19004902243614198,0.5194824934005737,0.26056042313575747,1.2875903844833375,-0.11070863157510758,0.028303254395723344,0.5617522597312927,-1.6409410238265992,-0.8836549520492554,-1.6754003763198853,-0.8621261119842529,1.7893813848495484,1.4177098274230958,-0.22898384928703309,0.06834515929222107,0.08628208935260773,0.29025644063949587,-1.4791558980941773,0.5300794243812561,0.4934864342212677,-0.5314245820045471,0.47041749954223635,0.7877943515777588,0.7753404974937439,0.015295945107936859,1.3771865367889405,0.5220761895179749,