{"neurons":16,"activationFunction":1,"weightsFlat":[0.2638965845108032,0.23598861694335938,0.7333138585090637,2.0831265449523927,-0.9367390871047974,-0.4994507133960724,0.5368940830230713,0.2773648202419281,0.616778552532196,-0.3481038510799408,0.7736157178878784,0.28567519783973696,-1.0278747081756592,0.7849451899528503,0.6112354397773743,-1.0750080347061158,-1.2179961204528809,0.07698534429073334,-0.9962987303733826,-0.5358871221542358,0.8511463403701782,-0.8841557502746582,-0.67044997215271,-0.840447723865509,-0.9389765858650208,-0.0448131263256073,-1.6252423524856568,1.6533054113388062,1.386865496635437,0.020609639585018159,-1.4696087837219239,-1.367903232574463,-2.0969769954681398,-1.2289060354232789,-0.35527652502059939,0.6742793321609497,0.4941209554672241,-1.1450556516647339,0.8687000274658203,1.6538879871368409,-0.8857681751251221,-0.6797045469284058,0.24145282804965974,0.00412248820066452,-0.4744916260242462,1.3117280006408692,-1.9085558652877808,-0.5675858855247498,-0.8749378323554993,-0.20596304535865785,0.5655632615089417,-0.5490005612373352,2.313030481338501,-0.6583760380744934,-1.5656017065048218,1.3970646858215333,0.6485381722450256,-0.460695743560791,1.0601024627685547,1.6860626935958863,0.07265803217887879,1.595044493675232,-0.37882542610168459,-1.5582683086395264,-0.8957859873771668,-1.3658452033996583,1.8777616024017335,0.8433093428611755,-1.2848069667816163,-1.3806252479553223,-1.6804198026657105,2.0159525871276857,-0.058620937168598178,1.6979095935821534,-0.2898963689804077,-2.3510043621063234,0.3180229365825653,1.276779055595398,0.33119481801986697,0.8711308836936951,-2.212085008621216,-0.030495841056108476,0.7345910668373108,-0.1578516662120819,2.2836716175079347,-1.2854676246643067,-1.6126840114593506,-1.0409185886383057,-0.9294245839118958,0.8995577692985535,0.4771043360233307,-0.5100448131561279,-2.03977108001709,-0.7906596064567566,-1.1585865020751954,-0.9078249931335449,1.6811476945877076,-0.7326225638389587,-1.2225927114486695,-0.8110529780387878,-0.4530026316642761,0.03833746910095215,2.029649496078491,0.2663995921611786,-1.8845552206039429,1.5566434860229493,-1.218846082687378,-1.775384783744812,1.4591482877731324,-1.6009999513626099,-0.15688416361808778,2.117532730102539,-1.7200207710266114,1.2873538732528687,-1.9124606847763062,-1.3679981231689454,0.796636164188385,-1.8300502300262452,1.0333716869354249,-1.2425540685653687,0.7368831634521484,0.26070526242256167,0.7207724452018738,-1.5811561346054078,1.418482780456543,-1.0776844024658204,1.6879595518112183,-1.3117674589157105,0.582506000995636,0.7864875793457031,0.5568721294403076,-0.4879566431045532,-0.6220975518226624,-1.5562255382537842,0.498054563999176,-1.1150312423706055,-0.2501828372478485,1.4611144065856934,-1.4467560052871705,0.24022215604782105,1.065614104270935,-0.3180137574672699,-0.6950624585151672,1.0186609029769898,-1.0125374794006348,-0.01738399639725685,0.6564285755157471,0.7480486035346985,0.7658711075782776,-1.3450770378112794,-1.5324827432632447,0.753064751625061,2.566887140274048,0.6877338290214539,-1.0066746473312379,-1.0317422151565552,-1.4348715543746949,-0.6472761631011963,1.8111214637756348,-1.4083433151245118,1.570896029472351,-1.0809227228164673,0.8195845484733582,-0.8591511845588684,0.6291036605834961,-1.2486343383789063,1.442176103591919,-0.45870059728622439,0.15387429296970368,-1.239353060722351,-1.0421701669692994,-0.7943128943443298,-0.13083183765411378,-1.8816022872924805,0.7544969320297241,1.8124114274978638,-0.9653042554855347,-0.8429754972457886,-1.097453236579895,0.9781560301780701,0.320503294467926,-0.9765201210975647,2.1653358936309816,0.3751067519187927,0.30582159757614138,0.3708065450191498,-0.6899770498275757,-0.7722930312156677,-1.3460863828659058,0.6886796951293945,1.7026315927505494,0.5241820812225342,0.2284075915813446,-1.8925975561141968,0.020173680037260057,1.9623955488204957,-0.8964897394180298,1.4299044609069825,1.1483818292617798,1.2879436016082764,-0.4955333471298218,-0.23481148481369019,-1.4335477352142335,2.6756956577301027,1.7670211791992188,-0.5401303172111511,-1.130918025970459,0.6255689859390259,0.6216943264007568,1.1539201736450196,0.46477317810058596,-0.2593345642089844,-1.5428378582000733,0.6019815802574158,-1.596069574356079,1.6785624027252198,-1.1614494323730469,-1.6372308731079102,-2.140190362930298,-0.6376492977142334,1.7556648254394532,-0.12480923533439636,2.084522247314453,-0.32204750180244448,-2.2995431423187258,0.42572933435440066,-0.748360812664032,0.16771486401557923,1.2197585105895997,0.6675723791122437,-0.32563626766204836,1.6156299114227296,0.6677772998809815,-1.4242156744003297,-0.024173714220523835,-0.15794703364372254,1.7433490753173829,-1.4111915826797486,-0.3787309527397156,0.4391859471797943,1.817190170288086,1.6406502723693848,-1.9138413667678834,-0.1362570822238922,-2.2209579944610597,1.5694446563720704,1.2831783294677735,1.5738956928253174,0.7810012698173523,0.9534072279930115,-1.6651452779769898,0.2645238935947418,-0.14667321741580964,-1.0497256517410279,0.025146178901195527,-0.8215005397796631,0.6849782466888428,-1.3992012739181519,0.8495929837226868,-1.5715157985687256,-0.7123563885688782,-1.9699872732162476,-0.20126953721046449,0.9520434737205505,-0.5115178227424622,-0.027075104415416719,-1.167955756187439,-1.907004714012146,0.15833443403244019,2.064448595046997,-0.37149056792259219,-0.39720892906188967,0.9995607733726502,1.8583241701126099,1.3282302618026734,1.1219878196716309,0.9462946057319641,-1.391071081161499,-0.643362820148468,-1.3605232238769532,1.2154501676559449,0.2864764332771301,0.35238656401634219,-1.4274370670318604,-1.6277425289154053,-0.46913599967956545,0.5336905717849731,0.18803830444812776,0.48653510212898257,1.4826949834823609,0.5798322558403015,1.936862826347351,-1.491491436958313,-0.5317887663841248,-0.2077924609184265,0.2944135069847107,-2.354433298110962,-1.6166969537734986,0.5862831473350525,2.2155771255493166,-0.015240926295518875,0.4393910765647888,1.513667106628418,-1.229953646659851,2.2620463371276857,1.7586097717285157,-0.27782142162323,0.23773984611034394,-0.058926694095134738,-1.2243150472640992,1.1476449966430665,-0.9834976196289063,-1.7413287162780762,-0.8174784779548645,-0.4841468334197998,0.13261491060256959,1.196218490600586,-0.13690871000289918,1.2280006408691407,-1.2657923698425294,1.4169466495513917,-1.5949571132659913,2.3903565406799318,-1.5387710332870484,-0.65382981300354,-0.14769116044044496,0.3776874840259552,0.3236036002635956,1.6928718090057374,0.8282516598701477,0.26057159900665285,-1.464768409729004,-0.6739202737808228,0.2681357264518738,1.7891261577606202,-1.1120086908340455,1.858707308769226,0.09200962632894516,-0.20849373936653138,0.19331201910972596,-0.8397602438926697,0.1118282899260521,-1.369403600692749,-0.8307198286056519,-0.5942330360412598,1.301233172416687,0.30234578251838686,0.40785592794418337,0.7097049951553345,0.2304636389017105,0.6581994891166687,-0.8391857147216797,0.9424213171005249,-0.8455752730369568,-0.6701130270957947,0.756933867931366,-0.6872402429580689,-1.9372189044952393,2.320873260498047,1.5652415752410889,1.2345194816589356,1.339311122894287,-0.6214247941970825,-0.16495534777641297,-0.7756631970405579,-0.515069305896759,-1.7791540622711182,-1.4357788562774659,-1.425502896308899,-1.4163755178451539,0.14938047528266908,0.1300477683544159,0.8771822452545166,-1.875264286994934,-1.34035062789917,0.10056459158658982,-0.7767045497894287,0.14693930745124818,1.3641729354858399,-0.2869769036769867,0.5762118101119995,1.9423624277114869,-0.46086573600769045,0.19458535313606263,1.5577353239059449,-1.0798004865646363,1.0794235467910767,0.18161499500274659,1.1067321300506592,1.4602491855621338,-0.38956141471862795,1.7166390419006348,-1.5104799270629883,-0.3287312090396881,-0.48963794112205508,1.0229980945587159,0.5565198063850403,0.12714573740959168,1.437601089477539,0.771365225315094,-0.14004147052764893,-0.4643594026565552,-0.3850378096103668,-1.0723837614059449,0.40992146730422976,-0.2807965874671936,