{"neurons":16,"activationFunction":1,"weightsFlat":[0.0,0.0,0.0,0.0,0.0,0.0,0.0,0.0,0.0,0.0,0.0,0.0,0.0,0.0,0.0,0.0,0.0,0.0,0.0,0.0,0.0,0.0,0.0,0.0,0.0,0.0,0.0,0.0,0.0,0.0,0.0,0.0,-0.9919595718383789,-0.16185200214385987,0.23906147480010987,0.48891183733940127,0.48271819949150088,-0.8695347309112549,-0.163368821144104,0.7441732883453369,0.24458324909210206,0.9277329444885254,0.2298640012741089,-0.14763319492340089,0.39876672625541689,0.681086540222168,-0.49867451190948489,0.0,-0.9046649932861328,0.38754507899284365,0.6005711555480957,-0.26124250888824465,-0.5634753704071045,-0.16228187084197999,-0.8275802135467529,-0.5169587135314941,-0.8955602645874023,0.9435796737670898,0.0,0.013891816139221192,0.0,0.0,0.9930486679077148,0.017219185829162599,0.05590641498565674,-0.13851821422576905,-0.4376934766769409,0.10078656673431397,-0.9876999855041504,0.16302454471588136,0.36397048830986025,0.22196495532989503,-0.6178402900695801,-0.014691472053527832,-0.8917293548583984,0.4159638583660126,-0.7656207084655762,-0.2376648187637329,0.9376766681671143,0.2055889368057251,0.0,-0.7115604877471924,-0.005101561546325684,0.744884729385376,0.271921843290329,-0.5117628574371338,0.07945835590362549,0.46260544657707217,-0.6888823509216309,-0.992483377456665,-0.6328587532043457,0.3115327060222626,0.0,0.5170361995697022,-0.1511896848678589,0.7447521686553955,0.0,0.0,0.01549459621310234,0.0,0.0,0.0,0.0,-0.006104417145252228,0.0,0.036764007061719897,0.0,0.0,-0.01860557124018669,0.0,0.0,-0.03272342309355736,0.0,0.0,0.0,0.0,0.0,0.0,0.0,0.0,0.0,0.0,0.04032982885837555,0.0,0.0,0.0,0.0,0.0,-0.9625562429428101,0.7421209812164307,0.5011990070343018,0.877432107925415,-0.14852258563041688,-0.6753313541412354,0.8131797313690186,0.22188937664031983,0.0,-0.5920069217681885,0.34253618121147158,0.7933559417724609,0.1332172155380249,-0.7208054065704346,0.16333544254302979,-0.8805341720581055,-0.2865992784500122,0.7165067791938782,0.4709033668041229,-0.008933663368225098,-0.966414213180542,-0.7229433059692383,0.5621764659881592,0.921058177947998,-0.7766384482383728,-0.7955954074859619,-0.8643193244934082,0.0,0.0,0.9442675113677979,0.4742529094219208,0.8206027746200562,0.8340620994567871,0.5467104911804199,0.28499433398246767,0.0,0.84548020362854,0.6575276851654053,-0.6972780227661133,0.09608376026153565,0.5745806694030762,-0.5065023899078369,0.5529983043670654,-0.4307206869125366,-0.35330092906951907,0.0,0.8259141445159912,0.3416704833507538,0.783113956451416,0.015166163444519043,-0.9606244564056397,-0.979738712310791,0.0,0.0,-0.31051409244537356,-0.017147183418273927,-0.0024052858352661134,-0.41772139072418215,-0.3239783048629761,-0.7891209125518799,0.20052707195281983,0.6146373748779297,0.13219034671783448,-0.4834810495376587,-0.24045032262802125,-0.7853341102600098,0.8269147872924805,-0.6506319046020508,-0.16866934299468995,0.5071864128112793,-0.7602716684341431,0.5466980934143066,0.21342289447784425,0.7463335990905762,-0.183907151222229,0.0,0.595203161239624,-0.8605649471282959,0.3501600921154022,-0.624054491519928,-0.44272077083587649,0.6566503047943115,0.3784577548503876,0.9943420886993408,-0.2933150827884674,-0.17663705348968507,0.31643709540367129,-0.9540808200836182,0.5666749477386475,-0.9775033593177795,0.0,0.16685903072357179,0.18414509296417237,0.47563502192497256,0.1994098424911499,-0.23905892670154572,-0.1760615110397339,0.9042963981628418,0.44517946243286135,0.802574872970581,0.885958194732666,0.3405739963054657,-0.8113226294517517,-0.9518195986747742,-0.8276488780975342,0.05196628347039223,0.457140177488327,0.9971168041229248,-0.3744720220565796,0.7629788517951965,0.01827479526400566,-0.5970396995544434,-0.4231351613998413,0.39229556918144228,0.3881461024284363,-0.0953541100025177,0.03783644363284111,0.852116048336029,-0.15826833248138429,0.7373597621917725,0.4558534324169159,-0.2143012285232544,-0.41923630237579348,-0.9005372524261475,-0.9893732070922852,-0.9711723327636719,0.41801902651786806,0.6066546440124512,-0.665306806564331,0.10548913478851319,0.8207392692565918,-0.10339415073394776,0.4507870376110077,0.05045616626739502,0.0,0.2062464952468872,0.0,0.0731269121170044,-0.34409916400909426,0.2319403886795044,0.4394180476665497,0.7669446468353272,-0.33680665493011477,-0.948192834854126,0.0,0.5420076847076416,-0.5433907508850098,-0.287044882774353,0.27921101450920107,0.093910813331604,-0.12485206127166748,-0.6971633434295654,0.6898694038391113,-0.6925029754638672,0.036322951316833499,0.8900911808013916,-0.46270811557769778,-0.996431827545166,-0.5341172218322754,0.9937167167663574,0.6889336109161377,0.0,0.584672212600708,0.0,0.2947683036327362,0.8359150886535645,-0.18581163883209229,-0.429958701133728,-0.9250872135162354,0.23539316654205323,-0.7637875080108643,0.44350263476371767,0.07185733318328858,-0.6772325038909912,0.665374755859375,0.619499921798706,-0.8265535831451416,0.44581958651542666,-0.8720743656158447,0.2527782618999481,-0.13412821292877198,-0.45105302333831789,-0.6043660640716553,0.0,0.039960265159606937,-0.3338273763656616,0.31268927454948428,0.1501826047897339,0.36865636706352236,0.0,-0.09425747394561768,0.4194657504558563,0.44852563738822939,-0.4839845895767212,0.0,0.6837475299835205,0.7891817092895508,0.7229011058807373,0.28632852435112,-0.6222352981567383,0.3123938739299774,0.0,0.17210066318511964,0.8547940254211426,-0.6120989322662354,0.23086059093475343,-0.9283485412597656,-0.029418349266052247,0.953056812286377,0.4845437705516815,-0.8599867820739746,0.3584401309490204,0.71181321144104,-0.5759954452514648,-0.3449498414993286,-0.6774594783782959,-0.867802619934082,-0.8767006397247315,0.8718650341033936,0.8997213840484619,-0.9749212265014648,-0.1985377073287964,0.07810604572296143,0.18032777309417725,0.6337311267852783,0.8395707607269287,0.5697753429412842,-0.7032594680786133,0.03303635120391846,0.5668551921844482,-0.5622823238372803,0.7824630737304688,-0.4972943067550659,-0.5833888053894043,-0.198280930519104,0.4847666919231415,0.07743752002716065,0.48770663142204287,-0.12149536609649658,0.0,0.35174843668937685,-0.6106526851654053,-0.7231388092041016,0.466124027967453,0.8835296630859375,0.1360107660293579,0.07405674457550049,-0.8731293678283691,0.45062753558158877,0.2063654661178589,-0.5160403251647949,0.0,0.7756500244140625,0.9495480060577393,0.6185879707336426,0.8388798236846924,0.3601171672344208,-0.09826004505157471,0.0,-0.8579926490783691,0.82883620262146,0.9249191284179688,0.0,0.8421697616577148,0.3875839412212372,0.0,-0.20036089420318604,-0.4437650442123413,0.6133439540863037,-0.048711419105529788,-0.8648631572723389,0.1714404821395874,-0.7205564975738525,0.3610627353191376,-0.3459569215774536,0.53786301612854,0.9618196487426758,-0.24246442317962647,0.5827920436859131,-0.0796734094619751,0.0,-0.7980020046234131,0.0,0.37041613459587099,0.0,-0.5941333770751953,0.31789538264274599,-0.0900031328201294,-0.44389140605926516,0.8406119346618652,0.424012154340744,-0.4921647310256958,0.24615657329559327,0.07940280437469483,0.7344598770141602,0.2927217185497284,0.842517614364624,0.4024460017681122,-0.6782553195953369,0.5644650459289551,0.6876709461212158,0.3904218375682831,0.06443321704864502,-0.7941384315490723,0.2519361674785614,-0.31900012493133547,-0.5157976150512695,0.8440916538238525,-0.05873739719390869,0.7604045867919922,-0.11664068698883057,0.3065349757671356,-0.7535405158996582,0.9268348217010498,-0.7264235019683838,-0.2824791669845581,-0.789309024810791,0.3637966811656952,-0.007659554481506348,0.0,-0.7439546585083008,0.9302847385406494,0.8869848251342773,0.621187686920166,0.161080002784729,0.04312169551849365,-0.6203532218933106,-0.2891949415206909,-0.8350496292114258,0.6031427383422852,0.47354599833488467,0.42773935198783877,-0.3217734098434448,0.6088035106658936,-0.5060126781463623,0.47229740023612978,0.9778904914855957,-0.5297725200653076,0.0,0.0,0.23536217212677003,-0.24930322170257569,-0.6616861820220947,0.7648839950561523,0.9411311149597168,0.0,0.9619393348693848,0.2895793616771698,-0.3617020845413208,0.899587869644165,0.5417704582214356,