{"neurons":32,"activationFunction":1,"weightsFlat":[-1.9632456302642823,-0.697526216506958,-1.22380793094635,-1.2674829959869385,-1.510027289390564,-0.008095771074295044,1.9651389122009278,-1.1909327507019044,-0.2537872791290283,1.1199687719345093,-2.3277180194854738,-0.5645388960838318,1.1052294969558716,1.6005500555038453,0.20531365275382996,-0.08758407831192017,2.122299909591675,1.5176656246185303,-0.0016401708126068116,0.08782567828893662,0.2821767032146454,1.925269603729248,1.779951810836792,-0.49291589856147768,-0.07309555262327194,-1.0885608196258546,-1.9373819828033448,0.35269272327423098,-1.5402220487594605,1.746031403541565,0.0008750036358833313,0.8799856901168823,0.24164338409900666,1.0655739307403565,0.670446515083313,2.098665237426758,-0.3006323575973511,0.6278929710388184,1.535394310951233,0.14294613897800446,-0.19131043553352357,-0.23719573020935059,0.7736619710922241,1.3295353651046754,1.0096997022628785,1.5311681032180787,-1.624567985534668,0.8897504210472107,1.1122876405715943,2.4622864723205568,-1.576494574546814,-1.027214765548706,-1.7022985219955445,0.8398706316947937,-0.8950436115264893,-0.28638866543769839,0.7848380208015442,-0.7486016750335693,0.7589114904403687,1.7737066745758057,-0.5025359988212586,0.5920789837837219,-0.4250282049179077,1.1053935289382935,1.932248592376709,1.2486499547958375,0.23897984623908997,-2.0388851165771486,0.44337213039398196,-0.16657184064388276,1.585170865058899,1.0288759469985963,-0.5394133925437927,-0.20537137985229493,1.1594327688217164,1.515727162361145,0.3289089500904083,0.4437934458255768,-0.883855402469635,-0.26418155431747439,1.7948764562606812,-0.5855908989906311,-0.41409367322921755,0.5791235566139221,0.8905203938484192,-0.549449622631073,-1.933042287826538,-0.1881943941116333,-0.7652134299278259,-0.8841495513916016,-1.321738362312317,-0.23152729868888856,0.8456959128379822,1.9112476110458375,1.6673274040222169,-1.7457085847854615,-1.4490848779678345,-1.5327978134155274,0.22087819874286652,1.4645075798034669,0.2632485032081604,1.5236270427703858,-1.152024745941162,-0.5787814855575562,1.5623775720596314,-0.21670354902744294,1.600285530090332,-0.4459875524044037,0.06534185260534287,-0.35269519686698916,1.1817508935928345,-1.18025803565979,1.104403018951416,-0.27852368354797366,-0.9262529611587524,0.21140217781066895,-1.0411702394485474,-0.5138975977897644,0.648219883441925,1.759612798690796,1.176642894744873,1.220664620399475,-0.43032899498939516,1.2536895275115967,0.9123246073722839,-2.0996551513671877,1.2398744821548463,-0.7478801608085632,0.0657748207449913,-1.3800619840621949,-1.0523537397384644,0.17523038387298585,0.10924653708934784,0.9793502688407898,-0.5491867065429688,1.971824288368225,-0.17557156085968018,0.20428693294525147,-0.8376872539520264,-0.7550866603851318,0.8467677235603333,-0.8560773730278015,0.5915907025337219,-0.24527457356452943,1.1095596551895142,1.0237621068954468,1.4254230260849,0.24627354741096497,-0.6519229412078857,-0.8707212209701538,0.440285325050354,1.0934665203094483,-0.19193562865257264,1.0213135480880738,0.17435979843139649,-0.43693313002586367,0.4405093789100647,2.2870521545410158,-0.3400183916091919,2.4747202396392824,-1.2121833562850953,-1.2622065544128419,-0.23686590790748597,0.4076850116252899,0.6377921104431152,-1.379409909248352,-1.2642884254455567,-1.6167500019073487,0.04726173356175423,0.9800884127616882,-0.5687134861946106,0.10797131061553955,0.37183916568756106,-0.046242374926805499,-1.1944115161895753,-1.1141465902328492,1.2319962978363038,-0.7148194909095764,1.1415882110595704,-1.9677022695541382,-0.05142132192850113,-0.09338974952697754,0.0658484473824501,-1.5857549905776978,-1.7848418951034547,0.7220090627670288,1.2080916166305543,-0.8158121109008789,0.5852391719818115,1.697441816329956,1.4229904413223267,-1.5181483030319214,1.0554393529891968,-1.2122353315353394,0.29077887535095217,-1.464062213897705,-1.6384098529815674,0.6264036297798157,0.5642847418785095,0.12170705199241638,0.8784388899803162,1.4327406883239747,1.057842493057251,-0.6482451558113098,-0.07582826167345047,1.2861528396606446,-0.32116609811782839,-0.15286663174629212,-1.4574726819992066,-1.6749893426895142,1.1921095848083497,1.1827409267425538,0.8377617001533508,-0.6244707107543945,0.7209614515304565,-0.9363731145858765,0.6559396982192993,0.6582720875740051,1.784013271331787,0.7974374294281006,-0.6259526610374451,-0.5473265647888184,0.9154582023620606,1.0133459568023682,0.3226543962955475,0.22340607643127442,0.9874901175498962,1.1349958181381226,-1.1356472969055176,-0.7512091994285584,-0.6640898585319519,0.13976100087165833,-1.1719019412994385,0.5427225828170776,0.8266074061393738,1.0123530626296998,-1.751102089881897,1.0570120811462403,-1.348872423171997,0.15505200624465943,-0.9456955194473267,0.8854012489318848,1.1682167053222657,-1.4059821367263795,-0.6405701041221619,-1.0942376852035523,0.028328776359558107,-0.9424889087677002,1.4901386499404908,0.640714704990387,-0.7882853746414185,-1.4029430150985718,-1.0337198972702027,-1.6425269842147828,1.991353988647461,-1.0543758869171143,-0.292132169008255,0.26188787817955019,1.3628895282745362,-0.3306320905685425,-1.3650236129760743,-0.27522513270378115,-0.6974281072616577,-0.8405295610427856,-0.14176231622695924,1.3093067407608033,-0.09115101397037506,-1.6131993532180787,-0.3992787301540375,-1.624091386795044,1.0569312572479249,-0.559568464756012,0.24468368291854859,0.8420605659484863,1.3537954092025757,0.32719388604164126,-1.8365405797958375,0.3852488398551941,-1.5788853168487549,1.2532169818878174,0.6070173978805542,-0.8116278052330017,2.1084787845611574,-1.1726930141448975,-1.208603024482727,1.3097116947174073,-0.14982688426971436,1.377175211906433,2.150658130645752,-1.3203630447387696,0.3777419328689575,0.502281665802002,0.5590852499008179,0.3949580490589142,-0.9952405691146851,-1.5397154092788697,-1.1766680479049683,-0.307233601808548,1.133949875831604,-1.4385840892791749,-0.6128682494163513,-1.1835042238235474,-0.7271437644958496,0.02273590862751007,0.5784583687782288,2.0519230365753176,-0.1526343822479248,0.5612207651138306,-0.7141070365905762,-0.9199795126914978,-0.19411030411720277,1.8474764823913575,-1.4332963228225709,0.3860888183116913,0.7766305804252625,1.1539113521575928,0.4354487657546997,-0.1581851691007614,0.8246915340423584,-1.1359561681747437,1.092217206954956,-1.1886122226715088,1.2218493223190308,-1.6946420669555665,1.2718099355697632,0.8761445879936218,0.32687628269195559,-1.7604209184646607,-2.1556193828582765,-1.2488945722579957,2.0537400245666506,0.7343258261680603,-0.9679951667785645,1.2960654497146607,0.3572695553302765,0.6748197078704834,0.27942219376564028,-0.8301978707313538,1.4595599174499512,1.9017066955566407,2.206529378890991,-0.6039219498634338,-1.7500464916229249,-0.1547122299671173,2.578373908996582,1.8670613765716553,-0.30739930272102358,-0.7311919331550598,0.18975111842155457,-0.19419877231121064,0.48888880014419558,-1.232209324836731,1.2122951745986939,-0.5839630365371704,-0.08311188220977783,0.5240870714187622,-1.1212109327316285,-1.3591464757919312,0.09870962798595429,-1.2052643299102784,-1.790814995765686,0.11205296218395233,-1.8010890483856202,0.1383756399154663,-0.0030885078012943269,1.7784544229507447,0.256698340177536,0.1660882532596588,-0.8903533220291138,-1.9427733421325684,0.0015514418482780457,0.04630868136882782,-0.20744508504867555,-1.117255687713623,0.7716064453125,1.310065507888794,-0.26810336112976076,1.9359514713287354,-1.064589262008667,-0.14693404734134675,-0.6636642217636108,1.2641489505767823,1.0053646564483643,-1.1266210079193116,-1.0543491840362549,0.4390789270401001,1.5898888111114503,-0.07998891919851303,-1.3520034551620484,0.19963842630386353,2.0349042415618898,-0.30096036195755007,-1.4992992877960206,0.8993567824363709,1.0296651124954224,-0.20617985725402833,-2.3103907108306886,1.2781298160552979,0.11307357996702194,-1.2815449237823487,1.5797220468521119,0.6197010278701782,1.1154080629348755,0.9173135161399841,-1.3699133396148682,-0.47345125675201418,