{"neurons":24,"activationFunction":4,"weightsFlat":[],"biases":[0.44548657536506655,-0.9866603016853333,0.4508274793624878,-0.612725555896759,0.16456164419651032,0.7666200399398804,0.6292667388916016,-1.2132515907287598,-1.0641615390777588,0.5020565986633301,-1.721393346786499,0.5493961572647095,1.2069306373596192,-0.9976664185523987,-0.40836194157600405,0.9886736273765564,-1.2322160005569459,1.1884596347808838,-0.6065875291824341,0.4985162615776062,-0.0278940312564373,0.8873705863952637,1.0584797859191895,-0.7017982006072998]}