{"neurons":16,"activationFunction":1,"weightsFlat":[0.6180759072303772,-0.46624884009361269,-0.5681468844413757,-0.4459640383720398,0.527245283126831,-1.307916283607483,-0.7197458744049072,-0.08394895493984223,-0.7929697632789612,-0.19741028547286988,-0.578594446182251,0.7555016875267029,1.4255000352859498,-0.9157793521881104,-0.35144755244255068,-0.4046579599380493,0.6708956956863403,-1.1465790271759034,0.6373971700668335,-0.2389509379863739,0.21641992032527924,0.9684562087059021,0.5944326519966126,0.5145925283432007,0.2656944692134857,0.7771195769309998,-0.39090511202812197,1.2992229461669922,0.11690913140773773,-1.1399939060211182,-0.8692731261253357,0.7068470120429993,0.4773136377334595,-0.5719357132911682,0.02549131214618683,0.3688196837902069,0.5778154134750366,0.15671104192733766,-0.43764373660087588,-0.3327638506889343,0.6378030180931091,0.2228066623210907,0.09585016220808029,0.1570996791124344,-0.5041241645812988,0.4443284571170807,0.38811495900154116,-0.2828197479248047,0.1662597358226776,-0.3686108887195587,-0.6374011039733887,-0.06456002593040467,-0.3208181858062744,-0.8477540612220764,0.47055044770240786,0.07553786039352417,-0.25153324007987978,0.2181088626384735,-0.5918386578559876,0.6696668267250061,-0.5985502600669861,1.1933629512786866,0.47384169697761538,-0.09028210490942002,1.0344440937042237,0.8744091987609863,0.9766558408737183,0.25092241168022158,0.02511223778128624,0.42409011721611025,0.6230448484420776,0.4870079755783081,-0.8036421537399292,0.9391447305679321,-0.29474279284477236,0.6629006266593933,-0.014780610799789429,-0.5249592661857605,0.666865348815918,0.179626002907753,0.4682573080062866,-0.974518895149231,-0.7548815011978149,-0.3037991523742676,1.1717182397842408,0.4259749948978424,0.060982801020145419,0.7023307085037231,-0.7372832894325256,0.5070100426673889,0.8203986883163452,-0.25167274475097659,-1.2453216314315797,0.3876090347766876,0.30396756529808047,-0.5253884792327881,0.6925104260444641,0.143192857503891,0.6680226922035217,-0.11855176836252213,0.23618796467781068,0.7811992764472961,-0.9068858623504639,-0.8700073957443237,0.8031482100486755,-0.8174161911010742,0.9400508999824524,1.011296033859253,0.5593075156211853,-0.7435236573219299,0.6632976531982422,0.18505823612213136,-1.1480686664581299,-0.8416736721992493,-0.43042805790901186,-1.1294740438461304,0.08369950950145722,0.9682180881500244,1.0158852338790894,0.5774144530296326,-1.0530779361724854,0.6329265832901001,-0.2177334725856781,0.8397924304008484,-0.5696361660957336,-1.1724915504455567,-0.8848518133163452,0.8323832750320435,0.5534747242927551,-0.4100642502307892,0.7784932255744934,0.18122902512550355,-0.8663077354431152,0.5985658168792725,0.42176148295402529,-0.9364203214645386,-0.43250715732574465,1.1020417213439942,-0.774321973323822,0.5624428987503052,1.2926578521728516,0.6590557098388672,-0.5880733132362366,0.36380910873413088,1.1161081790924073,-0.2643132209777832,0.726337730884552,0.3450619578361511,-1.1770429611206055,0.3909842073917389,0.17458400130271913,-0.7421380877494812,-1.2060130834579468,-0.13155612349510194,0.48947083950042727,-0.7121285796165466,1.319385290145874,-0.4534917175769806,-0.19847999513149262,0.9693149328231812,0.6063655018806458,0.19404156506061555,0.38157781958580019,-0.21520769596099854,0.7083213925361633,0.044286031275987628,0.8565495610237122,-0.921730637550354,-0.3344906270503998,-0.8417486548423767,-0.29010751843452456,0.04537682607769966,0.6417773365974426,1.4429690837860108,0.8101360201835632,-0.8645998239517212,-0.07060860842466355,1.0229215621948243,0.5937988758087158,-0.7921022772789002,-0.7430804967880249,0.6523145437240601,0.024340003728866578,-0.43904927372932436,0.2621065080165863,-0.3740954101085663,0.34869515895843508,-0.49028873443603518,0.6661729216575623,-1.10804283618927,0.863264262676239,0.3812137246131897,-0.09273090213537216,-1.514193058013916,0.3749668598175049,-0.035701580345630649,0.36548298597335818,0.20597955584526063,0.36220183968544009,1.0604594945907593,-0.42758676409721377,-0.663106381893158,-0.6964452266693115,0.8520900011062622,-1.1170278787612916,0.04634608328342438,-0.2641203999519348,0.6214000582695007,-0.897284746170044,-0.7622888088226318,0.17094895243644715,-1.1622389554977418,-0.6233744621276856,-0.7356547117233276,0.632784366607666,0.1404804289340973,0.5287250876426697,0.24555285274982453,-0.618381142616272,-0.059016428887844089,0.6185423731803894,0.46920549869537356,-0.04422222822904587,-1.243062138557434,0.4958634674549103,0.21283362805843354,0.06635474413633347,0.9323887228965759,0.1838775873184204,-0.6072683334350586,0.5334296822547913,0.46602118015289309,-0.6220306754112244,0.3734065890312195,0.7902833819389343,-0.4775015413761139,0.37431851029396059,0.1804991066455841,0.5262054204940796,1.1344815492630005,0.20332682132720948,-1.1353193521499634,-0.35305216908454897,-0.19724847376346589,-0.15586704015731812,0.22496545314788819,1.5285489559173585,0.698053777217865,0.11186669021844864,-0.8329406976699829,1.0052353143692017,-0.2437991201877594,0.22547461092472077,-0.10284125059843064,-0.8450211882591248,0.128536194562912,0.024479299783706666,-0.6614239811897278,0.9629106521606445,0.8268994092941284,0.44611671566963198,0.9248019456863403,-0.9580838680267334,-0.6337559819221497,-0.21535202860832215,1.0353296995162964,-1.0433287620544434,0.12548375129699708,1.3150492906570435,-0.46636632084846499,0.47353771328926089,0.824010968208313,0.06665275990962982,-0.7165482640266419,0.5142309069633484,-1.3377974033355713,0.07568679004907608,-0.6977332830429077,0.739712655544281,-0.33569443225860598,0.9958302974700928,-0.1149599477648735,-1.0905320644378663,-0.018559738993644716,-0.18996953964233399,-0.4768790304660797,-0.2014462947845459,0.34364810585975649,0.7512933015823364,1.4887608289718629,-0.864421546459198,-0.25284916162490847,-0.04723966866731644,0.6099696159362793,1.0459011793136597,0.09815478324890137,-0.3999009430408478,0.032313331961631778,0.18738269805908204,0.21410655975341798,0.20632067322731019,0.9406264424324036,-0.21418219804763795,1.265420913696289,0.15634256601333619,-0.13200609385967256,0.6077085733413696,-0.7986332178115845,-0.29258906841278078,-0.1998538076877594,-0.7383896112442017,-0.3626062870025635,-0.4686308801174164,0.5561332106590271,0.8493519425392151,-0.6017858386039734,-0.040191132575273517,-0.5633697509765625,0.30484315752983096,0.045132026076316836,-0.6142988801002502,1.1304715871810914,-0.9751197695732117,0.05755744129419327,-0.7117910981178284,0.6816167831420898,0.6714215278625488,0.7221569418907166,-0.4386714994907379,-0.8604726791381836,0.34843480587005618,-0.748945951461792,0.5968455672264099,-0.41380301117897036,-0.34932175278663638,0.4357897639274597,-0.5809776186943054,-0.6287754774093628,0.3898123502731323,-0.5763734579086304,0.06776421517133713,-1.078622579574585,0.2192663550376892,0.8011922836303711,0.8866894245147705,-0.9607591032981873,-0.36437204480171206,0.6912000775337219,0.6365057229995728,0.4733738899230957,0.31464284658432009,0.8013323545455933,-0.8789477348327637,0.6113859415054321,-0.47595998644828799,0.13992071151733399,-0.6870242953300476,-0.4629201292991638,0.4923524856567383,-0.42879822850227358,0.27602481842041018,0.7483740448951721,-0.23552793264389039,0.1669684648513794,0.5952658653259277,0.7648376822471619,1.1041971445083619,-0.01812521368265152,-1.1986119747161866,-0.1661938726902008,-0.8205142617225647,0.32172468304634097,0.6627312302589417,1.189589023590088,0.4521681070327759,0.09786948561668396,-0.35518795251846316,0.5760357975959778,0.06332215666770935,-0.5186299085617065,-0.3494844436645508,0.4477383494377136,-0.241339772939682,0.3920709788799286,-0.04740142822265625,-0.17925232648849488,0.020366445183753969,0.44738486409187319,0.7603825330734253,0.48853859305381777,-0.7115740180015564,0.5112786889076233,0.6711726188659668,-0.17451246082782746,0.9163342118263245,0.7220531702041626,-0.9621617794036865,1.1662179231643677,0.527168333530426,-0.6519438028335571,-0.031515270471572879,-0.40082088112831118,-0.12483930587768555,