{"neurons":32,"activationFunction":1,"weightsFlat":[0.7291703224182129,-0.40128910541534426,0.45548373460769656,0.24069464206695558,0.11405503749847412,0.0,0.7422585487365723,-0.695000410079956,-0.41476404666900637,0.7641720771789551,-0.3683091402053833,-0.7464337348937988,0.3921503722667694,0.16755402088165284,0.0,-0.9204065799713135,0.45077502727508547,0.5445346236228943,0.7189638614654541,-0.26188409328460696,-0.6734573245048523,-0.3979243040084839,-0.3216330111026764,0.8227893710136414,0.0,0.5900194644927979,-0.6536506414413452,0.2199879288673401,0.43930312991142275,-0.44089066982269289,-0.7780875563621521,0.12070930004119873,0.0,0.5706984996795654,0.5028011798858643,0.07881510257720947,0.07816684246063233,-0.745328426361084,0.710761547088623,-0.32695090770721438,0.0,0.6697485446929932,-0.06133067607879639,0.9017715454101563,0.0,0.0,0.47393056750297549,0.7498023509979248,0.5401568412780762,0.0,0.938483476638794,-0.650092363357544,0.874117374420166,-0.5709254741668701,-0.1762012243270874,0.1250239610671997,-0.3718663454055786,-0.6616001129150391,-0.9639179706573486,0.6273906230926514,0.41661784052848818,0.0,0.4599294364452362,0.45300862193107607,0.0,0.0,0.0,0.0,0.0,0.0,0.0,0.0,0.0,0.0,0.0,0.0,0.0,0.0,0.0,0.0,0.0,0.0,0.0,0.0,0.0,0.0,0.0,0.0,0.0,0.0,0.0,0.0,0.0,0.0,0.0,0.0,0.1589876413345337,0.5128664374351502,0.4905998408794403,-0.7621166706085205,0.0,0.6489675045013428,0.9227156639099121,0.08399903774261475,0.3570966422557831,0.3661439120769501,-0.6347513794898987,-0.23146331310272218,0.0,0.10432565212249756,0.24266931414604188,-0.9199690818786621,0.5932154655456543,0.45433589816093447,0.6153120398521423,-0.6709632873535156,0.663628101348877,0.6564462184906006,-0.04574931040406227,-0.5988631248474121,0.5149357318878174,-0.8895769119262695,-0.5357866287231445,0.0,-0.3261263072490692,-0.33414191007614138,-0.10841143131256104,0.08955255150794983,0.863750696182251,-0.627263069152832,0.05289255827665329,0.2913489043712616,0.5784804821014404,0.3397462069988251,0.06253653764724732,-0.8971828818321228,-0.5967650413513184,0.9367713928222656,-0.8040838837623596,-0.03675801306962967,0.5614111423492432,-0.16076695919036866,-0.8498890399932861,0.0,0.223480686545372,0.2802395224571228,-0.11939914524555206,-0.07770407199859619,0.06573127210140228,0.6975029706954956,0.016418203711509706,0.47428739070892336,0.0874839648604393,-0.7820184230804443,0.014149675145745278,-0.37281131744384768,-0.7660074234008789,-0.8175923824310303,0.1547795534133911,-0.9740744829177856,-0.013567090034484864,0.9810547828674316,-0.16838586330413819,-0.7676057815551758,-0.9546554088592529,0.8746187686920166,-0.9366559982299805,0.5092759132385254,-0.04676377773284912,-0.2694343328475952,0.5061779022216797,0.09065020084381104,0.6730496883392334,0.30040332674980166,-0.35535967350006106,0.6193740367889404,-0.38810741901397707,0.008960843086242676,-0.3208850622177124,0.3137514293193817,-0.2419523000717163,0.3506788909435272,0.0,-0.4771956205368042,0.9297764301300049,0.8538987636566162,0.6821436882019043,-0.3917793035507202,-0.7011685371398926,-0.33476269245147707,0.2595841586589813,-0.6538026332855225,0.12112939357757569,0.29201456904411318,0.8668873310089111,-0.5164592266082764,-0.6734540462493897,-0.9532339572906494,0.4362659156322479,0.23047983646392823,0.97216796875,-0.170326828956604,-0.8592076301574707,-0.6720013618469238,-0.5554683208465576,-0.042006850242614749,0.8708751201629639,-0.017678141593933107,0.0,0.0983966588973999,-0.4720107316970825,-0.5371623039245606,0.6497440338134766,0.07730996608734131,-0.08529436588287354,-0.29046618938446047,0.05439746379852295,0.08048117160797119,-0.16441309452056886,0.38400694727897646,0.0,0.4935157001018524,0.5269789695739746,-0.8928554058074951,-0.08389890193939209,0.0,0.9409356117248535,0.7030901908874512,-0.12197887897491455,0.0,0.12930285930633546,-0.09699642658233643,-0.559391975402832,-0.3914245367050171,0.9370059967041016,0.19251620769500733,-0.601806640625,-0.9098351001739502,-0.7400569915771484,-0.8594920635223389,-0.35205399990081789,0.2841143310070038,0.4058825671672821,-0.25912535190582278,0.0,0.324583500623703,-0.8595926761627197,0.30667731165885928,-0.10170900821685791,0.8831560611724854,-0.1313086748123169,0.03443419933319092,0.0,-0.6718401908874512,-0.8723914623260498,0.7864546775817871,-0.7348833084106445,0.0823601484298706,-0.772313117980957,-0.47970378398895266,0.12582075595855714,-0.1568700075149536,-0.645554780960083,0.0,-0.5166082382202148,0.2226947546005249,-0.3344987630844116,-0.09463250637054444,0.7325658798217773,0.5188100337982178,0.756615161895752,0.4921664893627167,0.5336179733276367,0.11698305606842041,0.26828572154045107,-0.18882977962493897,0.8708798885345459,-0.3475085496902466,-0.32786262035369875,-0.7907114028930664,0.4703690707683563,-0.5591778755187988,-0.8239281177520752,-0.9249124526977539,-0.01261746883392334,0.9885272979736328,-0.4732249975204468,-0.522071361541748,0.6915431022644043,-0.8999714851379395,0.8475198745727539,0.5721836090087891,0.2684027850627899,-0.5464730262756348,-0.04893457889556885,0.5438716411590576,0.5190563201904297,-0.18618476390838624,0.8528091907501221,-0.13333165645599366,0.35581132769584658,-0.3581629991531372,-0.33374297618865969,-0.9693491458892822,-0.1863788366317749,-0.10802900791168213,-0.5533926486968994,-0.6996824741363525,-0.8684258460998535,0.23748576641082765,-0.3573561906814575,0.24036037921905518,-0.7983651161193848,0.7009842395782471,0.5915889739990234,0.08662426471710205,0.45912882685661318,0.011192679405212403,-0.9797117710113525,0.6435239315032959,0.3609001338481903,-0.06474387645721436,0.2182246446609497,0.37991949915885928,-0.4548250436782837,-0.2594982385635376,-0.6928322315216065,0.21090567111968995,-0.8292522430419922,-0.3902539014816284,0.7011916637420654,0.23210585117340089,-0.6794872283935547,-0.545701265335083,-0.4503427743911743,-0.3358200788497925,-0.6068811416625977,-0.9969148635864258,0.05514943599700928,0.0,-0.446628212928772,-0.6683683395385742,-0.8268594741821289,-0.3510235548019409,-0.9431729316711426,0.8403282165527344,-0.6930687427520752,-0.18084800243377686,0.8076846599578857,-0.6537559032440186,-0.5475404262542725,-0.08232653141021729,-0.5246038436889648,0.0,-0.7029833793640137,0.753363847732544,0.0,-0.28381288051605227,-0.9459445476531982,-0.03831589221954346,0.0,-0.29943954944610598,-0.1609417200088501,-0.04896045848727226,-0.924034833908081,0.9514598846435547,0.859269380569458,-0.28607046604156496,-0.6389341354370117,0.5195324420928955,0.5528182983398438,-0.19036877155303956,-0.7872328758239746,-0.7745687961578369,0.9848055839538574,0.9690220355987549,-0.16380727291107179,0.8032011389732361,-0.49963727593421938,-0.12350550293922425,0.0,0.3833915889263153,0.2230055183172226,0.12852180004119874,-0.09190762042999268,0.5968525409698486,-0.5457005500793457,0.211661696434021,0.0,0.19995224475860597,0.0,-0.3838857412338257,-0.13134872913360597,0.5046799182891846,0.9861078262329102,0.5285606384277344,0.0,0.6695787906646729,0.0,0.0,0.0,-0.975027322769165,0.3011169135570526,-0.648491382598877,0.22422754764556886,0.0,0.5231218338012695,0.2954868972301483,-0.2441185712814331,-0.43344271183013918,0.7398333549499512,-0.4581204652786255,-0.8623974323272705,0.47272178530693056,0.0,0.09236085414886475,-0.7843375205993652,-0.21356070041656495,0.7645919322967529,-0.4513500928878784,0.7950761318206787,0.0,-0.20356857776641847,-0.6944997310638428,-0.475594162940979,0.3954102694988251,-0.3071070909500122,-0.5221400260925293,0.09181869029998779,-0.0863567590713501,-0.9755373001098633,0.0,-0.3662475347518921,-0.830791711807251,0.5702393054962158,0.26877209544181826,0.0,0.2046581506729126,-0.056313157081604007,0.0,-0.8547060489654541,0.5877959728240967,0.2711341083049774,-0.7864696979522705,-0.7448358535766602,-0.26117002964019778,-0.5452725887298584,0.14735925197601319,-0.957822322845459,-0.31523287296295168,0.9526150226593018,-0.08142721652984619,-0.3845173120498657,0.9623136520385742,0.6347353458404541,0.056171298027038577,0.6262257099151611,0.3068191707134247,