{"neurons":47,"activationFunction":4,"weightsFlat":[],"biases":[0.8956103324890137,-0.6579508185386658,-0.7701661586761475,0.05586935952305794,0.631580114364624,0.4228093922138214,0.6099698543548584,0.5784759521484375,0.2913886308670044,0.5552167296409607,0.886700451374054,-0.7386215925216675,0.8695311546325684,-0.48293858766555788,0.7520871758460999,-0.8475983738899231,-0.48244503140449526,-0.5525137186050415,-0.08120035380125046,0.9309372305870056,0.3352537751197815,0.0922294408082962,-0.36185720562934878,0.6394235491752625,-0.33079102635383608,0.9629339575767517,-0.3588859736919403,0.1589173674583435,0.5215767025947571,-0.9874119162559509,-0.12558691203594209,0.257041335105896,1.0130724906921387,-0.8840255737304688,0.5740707516670227,-0.8166092038154602,-0.09688607603311539,0.4880319833755493,0.7103736996650696,-0.8026242852210999,-0.021286124363541604,0.4800737202167511,-0.4079834818840027,0.2347525656223297,-0.6530479192733765,-0.11058032512664795,-0.12523427605628968]}