{"neurons":16,"activationFunction":1,"weightsFlat":[-1.074847936630249,0.48797979950904848,-1.2488305568695069,-1.7231632471084595,-0.3764383792877197,0.20173493027687074,-0.8842918276786804,-0.6210080981254578,-0.1643916517496109,1.7401784658432007,-1.5849779844284058,0.27078333497047427,-0.3983719050884247,1.686901330947876,0.09029289335012436,0.6519100666046143,0.1954742670059204,-1.3400884866714478,0.5442016124725342,0.677793562412262,1.0568344593048096,0.49022045731544497,0.3731558918952942,1.7705373764038087,-0.4914138913154602,1.4206926822662354,1.6367980241775513,0.2353176772594452,-1.5921392440795899,0.6945787072181702,1.4230366945266724,-1.1234123706817628,0.7611532211303711,0.21649812161922456,-1.7649105787277222,0.9173575639724731,-0.6894594430923462,0.798486590385437,-0.19821059703826905,-1.6463087797164918,0.7434749007225037,1.5748052597045899,-0.6430347561836243,1.2295873165130616,-0.667451798915863,1.8726097345352173,-0.960214376449585,0.6129779815673828,-1.0219395160675049,0.09155585616827011,1.2148447036743165,-1.154748558998108,0.16952091455459596,-0.3922117352485657,-0.5155707597732544,1.1651045083999634,-0.06096480041742325,2.4154317378997804,-0.1048324853181839,0.6273794174194336,-0.059091776609420779,0.6466174125671387,0.9072579741477966,-0.4176761507987976,-1.7210471630096436,-0.02782449498772621,-0.5370427966117859,1.8459405899047852,0.8346283435821533,0.8857830166816711,0.190709188580513,0.30185940861701968,0.34482666850090029,-1.2159656286239625,1.8240966796875,1.7348237037658692,-1.4419301748275757,-0.4881182014942169,0.5139650106430054,0.4002835154533386,1.3138394355773926,-0.1854080855846405,-0.9704248309135437,-0.9899217486381531,1.517939567565918,1.9090182781219483,-0.02027590572834015,-0.371853768825531,1.8376518487930298,1.4925137758255005,0.7482370734214783,-1.6255741119384766,2.2053186893463136,0.8546015620231628,-2.2383718490600588,1.4067583084106446,-1.2746607065200806,0.4188658595085144,1.8189228773117066,1.1731847524642945,0.3283728361129761,2.1019060611724855,0.20564326643943788,-0.22849082946777345,0.008600343018770218,-1.2681941986083985,-0.779620885848999,-1.68146812915802,-0.42502349615097048,-0.18209561705589295,0.8926544189453125,-0.9910627603530884,-1.475239634513855,2.175230026245117,-0.42521074414253237,1.701490879058838,1.8441535234451295,-0.24404069781303407,1.1643195152282715,-0.1683003008365631,1.0127942562103272,-0.9615703225135803,1.8558483123779297,0.7270042896270752,0.12926173210144044,-0.5242745876312256,0.5375730395317078,-0.530760645866394,-1.919497013092041,0.55115807056427,0.8722658753395081,1.3422354459762574,1.5008103847503663,-0.7744441032409668,-0.736508309841156,1.1361180543899537,-1.021470069885254,-0.09118577837944031,-1.3718196153640748,0.008057814091444016,1.708701729774475,-0.11733577400445938,-0.10688319057226181,-0.7174175977706909,0.07243865728378296,-2.175851345062256,0.9855000972747803,-1.117904543876648,-0.12346864491701126,-0.33299720287323,0.07261119037866593,-1.1223993301391602,1.7960231304168702,-0.7934798002243042,-1.462841510772705,-0.10225539654493332,1.9218356609344483,-0.24388724565505982,-0.9467101693153381,0.1602044403553009,-2.079148054122925,0.43124228715896609,-0.28751641511917117,1.0262807607650757,1.0173759460449219,1.8464051485061646,-0.8856155872344971,1.0894675254821778,-0.7359750866889954,0.4610089361667633,0.04693756252527237,-0.6942764520645142,1.0574839115142823,2.0120463371276857,1.229384183883667,1.5487140417099,-1.103136658668518,2.3295767307281496,1.636674404144287,-0.6231117248535156,0.6003907918930054,-0.18552166223526,-1.415534496307373,1.6549267768859864,0.22477364540100099,-1.7165931463241578,-1.5368369817733765,-0.7393329739570618,-0.5150900483131409,0.7234925031661987,0.6568179726600647,0.42048370838165285,0.7874706387519836,-0.6997731924057007,1.6913697719573975,0.8818569779396057,-1.5608305931091309,1.4358350038528443,-0.6632451415061951,-0.15530794858932496,-2.5020503997802736,-0.898002028465271,0.8852716684341431,1.253543496131897,-0.8497782945632935,-1.246036410331726,-0.13982687890529633,-0.31455618143081667,-0.6768292188644409,2.0308949947357179,0.42914071679115298,-0.22870388627052308,-0.6643036007881165,-1.3122082948684693,-1.4100631475448609,-1.439231514930725,-0.7125313878059387,-0.8773106932640076,1.664663314819336,-0.28760814666748049,-1.2465040683746338,-0.31708648800849917,-0.31194618344306948,-0.23834478855133058,1.1574398279190064,-0.21333551406860352,-1.916656494140625,0.28795740008354189,-2.2444007396698,0.2177371382713318,-0.2909773886203766,-2.2082557678222658,-1.189260721206665,-0.3690566420555115,0.17820504307746888,1.5944702625274659,0.9605555534362793,1.7729640007019044,1.0223102569580079,-0.8316500186920166,0.5608593225479126,2.4515790939331056,0.7866821885108948,-1.802385687828064,1.4809380769729615,-0.44706636667251589,-1.5668399333953858,0.31306320428848269,0.6941322088241577,-0.03687562420964241,0.008748069405555725,0.4037906527519226,-2.2562685012817385,-0.48337289690971377,0.6164029836654663,-1.341183066368103,-0.21225111186504365,-1.7094981670379639,0.6450187563896179,0.7832964658737183,0.6400567293167114,1.1477630138397217,1.6733354330062867,0.9854475855827332,-0.16129106283187867,0.7149638533592224,-1.8337287902832032,-1.0066609382629395,0.17799144983291627,1.799161434173584,-0.9733143448829651,0.23853746056556703,-1.1292616128921509,-1.003575325012207,-0.3411886692047119,-2.1697754859924318,1.531024694442749,-1.2234435081481934,1.7425662279129029,1.8194199800491334,-0.9638033509254456,1.8063589334487916,0.21065551042556764,-0.14333651959896089,0.6777873039245606,0.1092168316245079,0.2194298505783081,-0.9708095192909241,0.902050256729126,-0.4371211528778076,-1.6538368463516236,0.15378627181053163,1.7979645729064942,-0.5680844783782959,-0.7487402558326721,0.4998827576637268,2.0553243160247804,0.02758016437292099,-0.0039054937660694124,-1.604964256286621,-0.5073336958885193,0.1574825644493103,1.6205395460128785,0.253057599067688,1.1996362209320069,0.2648719251155853,0.08823250234127045,0.735526978969574,1.024877905845642,1.083146333694458,-1.4825679063796998,0.25328415632247927,1.6295310258865357,-0.029661796987056733,-0.13814032077789308,-1.7746901512145997,-2.0671310424804689,0.4200413227081299,-0.7379791140556336,-0.37297481298446658,1.5427995920181275,-0.26476016640663149,-0.5762574672698975,1.4134337902069092,-0.11584850400686264,-0.21169069409370423,-1.831904411315918,-0.29900214076042178,1.2761238813400269,-1.7025386095046998,1.2067551612854005,2.068319320678711,-0.28299373388290408,1.4057669639587403,-0.6310640573501587,0.6088241338729858,1.4071635007858277,-0.4289613962173462,2.040501356124878,-1.5543978214263917,1.4970834255218506,0.8057007193565369,0.4535583555698395,-0.7211019992828369,0.6092011332511902,-0.36419767141342165,-1.0651999711990357,-0.21881550550460816,-0.4522273540496826,-0.32726967334747317,1.0993947982788087,-1.6601392030715943,0.5331005454063416,-1.768344759941101,-0.33265435695648196,-0.1678900271654129,-1.6784723997116089,-0.7273699045181274,-0.09163683652877808,0.8645040988922119,0.9317994713783264,1.1797243356704713,1.635087251663208,-0.9387667775154114,1.6434762477874756,-0.22248169779777528,2.0524582862854006,-0.19342949986457826,1.685929298400879,-0.6998608112335205,-0.67600017786026,1.694246530532837,-0.8526805639266968,-0.28239554166793826,-2.480424404144287,2.127272844314575,-0.7874539494514465,0.2912057638168335,0.443285197019577,1.369107723236084,-1.1525200605392457,0.8184123635292053,1.4377694129943848,1.4979506731033326,0.5502002835273743,1.566196084022522,-0.8439185619354248,0.21478644013404847,-0.5281935334205627,-0.8623878359794617,0.7358080148696899,1.1183350086212159,-1.4861453771591187,-1.0428141355514527,1.6402400732040406,-0.3143687844276428,1.3850831985473633,0.00263773649930954,0.20625431835651399,-0.34227991104125979,-0.0888732299208641,-1.7577602863311768,0.12677890062332154,0.9761182069778442,1.0203384160995484,1.707726240158081,