{"neurons":11,"activationFunction":0,"weightsFlat":[],"biases":[-0.6984775066375732,0.6841249465942383,0.5009760856628418,-0.20161712169647218,0.6571705341339111,0.7806086540222168,0.8368756771087647,0.32422539591789248,0.788459300994873,0.8464558124542236,-0.5110712051391602]}