{"neurons":16,"activationFunction":0,"weightsFlat":[-0.9577159881591797,-0.6140673160552979,-0.7469117641448975,-0.7923259735107422,0.954918622970581,0.20089685916900636,-0.8946259021759033,0.17867052555084229,-0.5017035007476807,0.8320443630218506,0.5080974102020264,0.1778508424758911,-0.8665664196014404,-0.3734174966812134,0.8674931526184082,0.7030034065246582,-0.8554105758666992,-0.9635701179504395,0.3687414824962616,0.08581531047821045,0.3132488429546356,0.4219026267528534,0.12720000743865968,0.8127250671386719,0.0012089014053344727,0.14608252048492433,0.6062860488891602,-0.0034683942794799806,0.8029828071594238,0.8810834884643555,0.11175286769866944,-0.8263700008392334,0.6949505805969238,-0.12324893474578858,0.41364428400993349,0.7879722118377686,-0.31707561016082766,-0.6730179786682129,0.9010066986083984,-0.8770973682403565,0.29284903407096865,0.5313796997070313,-0.7314870357513428,-0.25603044033050539,-0.4239312410354614,-0.18237078189849854,0.9779126644134522,-0.12060701847076416,-0.5440788269042969,-0.5526502132415772,-0.24126875400543214,0.548659086227417,-0.5505609512329102,-0.515869140625,0.004886269569396973,-0.6792740821838379,-0.1220940351486206,0.7208292484283447,0.5825397968292236,0.8261222839355469,0.16901147365570069,0.34421393275260928,-0.9395580291748047,0.06231486797332764,0.7418360710144043,-0.9752881526947022,0.8500151634216309,-0.03135335445404053,-0.23646509647369386,0.21087586879730225,-0.09562861919403076,-0.4890040159225464,0.7910919189453125,0.7892374992370606,0.673530101776123,0.4914083182811737,-0.7923543453216553,0.9352266788482666,-0.015253424644470215,-0.6175942420959473,-0.5483129024505615,0.22038257122039796,0.7378659248352051,0.15120041370391847,-0.514451265335083,0.5846068859100342,-0.914926290512085,-0.48756611347198489,-0.5623655319213867,-0.48731791973114016,0.5927457809448242,0.9606144428253174,0.14565908908843995,0.00801551342010498,0.6508715152740479,0.25543710589408877,0.14560282230377198,0.8465137481689453,0.404053658246994,-0.9264771938323975,-0.3865429162979126,0.2386246919631958,0.15874707698822022,-0.6023554801940918,-0.44526350498199465,0.9960355758666992,0.4344126880168915,-0.5914404392242432,-0.45445477962493899,0.6179032325744629,-0.5039432048797607,-0.3121272325515747,-0.9492404460906982,-0.8077945709228516,0.32342836260795596,0.7331364154815674,-0.7013750076293945,-0.07836997509002686,0.0070389509201049809,-0.23376381397247315,0.6489989757537842,-0.4846230745315552,-0.17456328868865968,0.2910473048686981,-0.5140910148620606,0.6635997295379639,-0.4259892702102661,-0.4456595182418823,0.9647278785705566,0.4758460223674774,-0.4454754590988159,-0.6117210388183594,0.22251784801483155,-0.6844704151153565,-0.5123369693756104,-0.129844069480896,-0.9315307140350342,0.9260523319244385,-0.14541375637054444,0.002313971519470215,-0.9887194633483887,-0.7937161922454834,0.7728073596954346,-0.361148476600647,-0.6543557643890381,0.07299196720123291,0.9681665897369385,0.4635896384716034,-0.4437671899795532,0.9375190734863281,0.39316603541374209,-0.3515363931655884,0.3658752143383026,-0.8986270427703857,0.9890258312225342,0.1732405424118042,-0.22488105297088624,-0.8489465713500977,0.6635677814483643,0.2949371039867401,0.8817555904388428,-0.032755494117736819,0.9329345226287842,-0.7287576198577881,0.0838385820388794,-0.38985979557037356,-0.12511122226715089,-0.5464627742767334,-0.6550016403198242,-0.9911203384399414,0.34922048449516299,0.5306441783905029,-0.20323336124420167,-0.03118765354156494,-0.9332132339477539,0.3428153693675995,0.6340517997741699,0.009112238883972168,-0.6233372688293457,-0.37089216709136965,-0.6341748237609863,0.34941431879997256,-0.6581103801727295,0.11616289615631104,0.769000768661499,-0.7623333930969238,0.11682999134063721,0.44716712832450869,0.6964969635009766,-0.8520112037658691,0.15149271488189698,0.16503822803497315,-0.5655989646911621,-0.261588454246521,0.031357645988464358,0.7513563632965088,-0.07844007015228272,0.8282716274261475,0.9187788963317871,0.5903406143188477,-0.11768233776092529,0.5261690616607666,0.8009023666381836,0.8006443977355957,-0.8065693378448486,-0.9642903804779053,0.5418751239776611,0.07074248790740967,0.8787591457366943,0.8071248531341553,-0.06723463535308838,-0.6404130458831787,-0.7644827365875244,0.28227826952934267,0.7730109691619873,0.05009305477142334,-0.31973373889923098,0.821220874786377,0.3484162986278534,-0.878434419631958,0.6163270473480225,-0.6345229148864746,0.446001261472702,-0.4496992826461792,-0.24787628650665284,-0.4228912591934204,0.6898810863494873,-0.18873131275177003,0.314759224653244,0.9886553287506104,-0.21570265293121339,-0.7006502151489258,0.4526309669017792,-0.7583167552947998,0.46146389842033389,-0.48430073261260989,-0.4268730878829956,0.7664179801940918,0.8656148910522461,-0.751500129699707,0.015134930610656739,-0.8888936042785645,-0.05521857738494873,0.5278682708740234,-0.6786301136016846,-0.6713476181030273,0.2659442126750946,-0.21458041667938233,0.16890227794647218,-0.6763131618499756,-0.9992706775665283,-0.4870833158493042,-0.9619944095611572,0.0580822229385376,-0.08700525760650635,-0.6327319145202637,0.981128454208374,-0.2657657861709595,0.29575368762016299,0.16424572467803956,-0.3652547597885132,-0.019593119621276857,0.3428654372692108,0.5883636474609375,-0.8726727962493897,-0.5441005229949951,-0.6478021144866943,0.9375412464141846,-0.4435511827468872,0.11575520038604737,-0.5012941360473633,-0.5397176742553711,-0.09387600421905518,0.7306747436523438,-0.3427993059158325,0.9904558658599854,-0.7703471183776856,-0.23563754558563233,-0.8883311748504639,0.2065204381942749,0.36867520213127139,-0.9287278652191162,0.15187609195709229,-0.3762878179550171,0.882887601852417,0.6596977710723877,-0.9110164642333984,0.9549264907836914,0.4342932403087616,-0.7787551879882813,-0.7930259704589844,-0.9391679763793945,0.39913126826286318,-0.08611071109771729,0.7454507350921631,0.7657291889190674,0.06057441234588623,-0.6786079406738281,0.41061946749687197,0.5163917541503906,0.01040637493133545,-0.8798787593841553,0.04934108257293701,0.9026384353637695,-0.09965360164642334,-0.8173372745513916,-0.11482656002044678,-0.0602337121963501,0.8409826755523682,0.3299805819988251,0.46648499369621279,-0.20326530933380128,0.7040731906890869,0.437510222196579,-0.9552557468414307,-0.8373856544494629,-0.8093283176422119,0.40094277262687685,-0.6073634624481201,0.6505851745605469,0.239751935005188,0.10633742809295654,-0.5395889282226563,0.0017305612564086915,0.8684592247009277,-0.4415355920791626,-0.7358081340789795,-0.8358902931213379,0.6238350868225098,0.3293435275554657,0.7518422603607178,0.6048550605773926,-0.32682621479034426,0.09187710285186768,-0.10889828205108643,-0.46255791187286379,0.2776629626750946,-0.009188055992126465,-0.9448494911193848,-0.11803066730499268,-0.5385513305664063,0.5112981796264648,-0.8400723934173584,-0.5698122978210449,-0.7520413398742676,-0.788154125213623,0.23234975337982179,-0.8424174785614014,-0.8782951831817627,-0.20054423809051515,0.8257558345794678,-0.636577844619751,0.130332350730896,-0.947993278503418,-0.31332623958587649,0.7118937969207764,-0.44087541103363039,-0.717639684677124,0.25629445910453799,-0.07469737529754639,0.6255996227264404,0.03184974193572998,0.6813383102416992,0.7596287727355957,-0.5755493640899658,-0.4498049020767212,-0.3632091283798218,-0.1350764036178589,0.690603494644165,-0.5987451076507568,-0.08297288417816162,-0.4099081754684448,0.6697831153869629,0.9729187488555908,-0.40220487117767336,0.017052054405212404,0.6424529552459717,0.04640209674835205,-0.38688385486602785,0.3174569308757782,-0.1746586561203003,0.9090723991394043,-0.8967792987823486,0.885554313659668,0.714644193649292,-0.5278301239013672,0.9979753494262695,0.44803258776664736,-0.06567895412445069,-0.08765542507171631,-0.5364992618560791,-0.535330057144165,-0.6676516532897949,-0.7602086067199707,0.802133321762085,-0.7314765453338623,-0.7375032901763916,-0.8572282791137695,0.34476348757743838,-0.42715513706207278,0.9374785423278809,